Workbook

Sheet Formato Cronograma
A1: Cronograma de Actividades Proyecto N° 638 - 2026 - ADRES - UNAL | N1: ENERO | AO1: FEBRERO | BM1: MARZO | CM1: ABRIL | DM1: MAYO | EM1: JUNIO | FM1: JULIO | GN1: AGOSTO | HN1: SEPTIEMBRE | IN1: OCTUBRE | JO1: NOVIEMBRE | KN1: DICIEMBRE
N2: Ju. | O2: Vi. | P2: Sa. | Q2: Lu. | R2: Ma. | S2: Mi. | T2: Ju. | U2: Vi. | V2: Sa. | W2: Lu. | X2: Ma. | Y2: Mi. | Z2: Ju. | AA2: Vi. | AB2: Sa. | AC2: Lu. | AD2: Ma. | AE2: Mi. | AF2: Ju. | AG2: Vi. | AH2: Sa. | AI2: Lu. | AJ2: Ma. | AK2: Mi. | AL2: Ju. | AM2: Vi. | AN2: Sa. | AO2: Lu. | AP2: Ma. | AQ2: Mi. | AR2: Ju. | AS2: Vi. | AT2: Sa. | AU2: Lu. | AV2: Ma. | AW2: Mi. | AX2: Ju. | AY2: Vi. | AZ2: Sa. | BA2: Lu. | BB2: Ma. | BC2: Mi. | BD2: Ju. | BE2: Vi. | BF2: Sa. | BG2: Lu. | BH2: Ma. | BI2: Mi. | BJ2: Ju. | BK2: Vi. | BL2: Sa. | BM2: Lu. | BN2: Ma. | BO2: Mi. | BP2: Ju. | BQ2: Vi. | BR2: Sa. | BS2: Lu. | BT2: Ma. | BU2: Mi. | BV2: Ju. | BW2: Vi. | BX2: Sa. | BY2: Lu. | BZ2: Ma. | CA2: Mi. | CB2: Ju. | CC2: Vi. | CD2: Sa. | CE2: Lu. | CF2: Ma. | CG2: Mi. | CH2: Ju. | CI2: Vi. | CJ2: Sa. | CK2: Lu. | CL2: Ma. | CM2: Mi. | CN2: Ju. | CO2: Vi. | CP2: Sa. | CQ2: Lu. | CR2: Ma. | CS2: Mi. | CT2: Ju. | CU2: Vi. | CV2: Sa. | CW2: Lu. | CX2: Ma. | CY2: Mi. | CZ2: Ju. | DA2: Vi. | DB2: Sa. | DC2: Lu. | DD2: Ma. | DE2: Mi. | DF2: Ju. | DG2: Vi. | DH2: Sa. | DI2: Lu. | DJ2: Ma. | DK2: Mi. | DL2: Ju. | DM2: Vi. | DN2: Sa. | DO2: Lu. | DP2: Ma. | DQ2: Mi. | DR2: Ju. | DS2: Vi. | DT2: Sa. | DU2: Lu. | DV2: Ma. | DW2: Mi. | DX2: Ju. | DY2: Vi. | DZ2: Sa. | EA2: Lu. | EB2: Ma. | EC2: Mi. | ED2: Ju. | EE2: Vi. | EF2: Sa. | EG2: Lu. | EH2: Ma. | EI2: Mi. | EJ2: Ju. | EK2: Vi. | EL2: Sa. | EM2: Lu. | EN2: Ma. | EO2: Mi. | EP2: Ju. | EQ2: Vi. | ER2: Sa. | ES2: Lu. | ET2: Ma. | EU2: Mi. | EV2: Ju. | EW2: Vi. | EX2: Sa. | EY2: Lu. | EZ2: Ma. | FA2: Mi. | FB2: Ju. | FC2: Vi. | FD2: Sa. | FE2: Lu. | FF2: Ma. | FG2: Mi. | FH2: Ju. | FI2: Vi. | FJ2: Sa. | FK2: Lu. | FL2: Ma. | FM2: Mi. | FN2: Ju. | FO2: Vi. | FP2: Sa. | FQ2: Lu. | FR2: Ma. | FS2: Mi. | FT2: Ju. | FU2: Vi. | FV2: Sa. | FW2: Lu. | FX2: Ma. | FY2: Mi. | FZ2: Ju. | GA2: Vi. | GB2: Sa. | GC2: Lu. | GD2: Ma. | GE2: Mi. | GF2: Ju. | GG2: Vi. | GH2: Sa. | GI2: Lu. | GJ2: Ma. | GK2: Mi. | GL2: Ju. | GM2: Vi. | GN2: Sa. | GO2: Lu. | GP2: Ma. | GQ2: Mi. | GR2: Ju. | GS2: Vi. | GT2: Sa. | GU2: Lu. | GV2: Ma. | GW2: Mi. | GX2: Ju. | GY2: Vi. | GZ2: Sa. | HA2: Lu. | HB2: Ma. | HC2: Mi. | HD2: Ju. | HE2: Vi. | HF2: Sa. | HG2: Lu. | HH2: Ma. | HI2: Mi. | HJ2: Ju. | HK2: Vi. | HL2: Sa. | HM2: Lu. | HN2: Ma. | HO2: Mi. | HP2: Ju. | HQ2: Vi. | HR2: Sa. | HS2: Lu. | HT2: Ma. | HU2: Mi. | HV2: Ju. | HW2: Vi. | HX2: Sa. | HY2: Lu. | HZ2: Ma. | IA2: Mi. | IB2: Ju. | IC2: Vi. | ID2: Sa. | IE2: Lu. | IF2: Ma. | IG2: Mi. | IH2: Ju. | II2: Vi. | IJ2: Sa. | IK2: Lu. | IL2: Ma. | IM2: Mi. | IN2: Ju. | IO2: Vi. | IP2: Sa. | IQ2: Lu. | IR2: Ma. | IS2: Mi. | IT2: Ju. | IU2: Vi. | IV2: Sa. | IW2: Lu. | IX2: Ma. | IY2: Mi. | IZ2: Ju. | JA2: Vi. | JB2: Sa. | JC2: Lu. | JD2: Ma. | JE2: Mi. | JF2: Ju. | JG2: Vi. | JH2: Sa. | JI2: Lu. | JJ2: Ma. | JK2: Mi. | JL2: Ju. | JM2: Vi. | JN2: Sa. | JO2: Lu. | JP2: Ma. | JQ2: Mi. | JR2: Ju. | JS2: Vi. | JT2: Sa. | JU2: Lu. | JV2: Ma. | JW2: Mi. | JX2: Ju. | JY2: Vi. | JZ2: Sa. | KA2: Lu. | KB2: Ma. | KC2: Mi. | KD2: Ju. | KE2: Vi. | KF2: Sa. | KG2: Lu. | KH2: Ma. | KI2: Mi. | KJ2: Ju. | KK2: Vi. | KL2: Sa. | KM2: Lu. | KN2: Ma. | KO2: Mi. | KP2: Ju. | KQ2: Vi. | KR2: Sa. | KS2: Lu. | KT2: Ma. | KU2: Mi. | KV2: Ju. | KW2: Vi. | KX2: Sa. | KY2: Lu. | KZ2: Ma. | LA2: Mi. | LB2: Ju. | LC2: Vi. | LD2: Sa. | LE2: Lu. | LF2: Ma. | LG2: Mi. | LH2: Ju. | LI2: Vi. | LJ2: Sa. | LK2: Lu. | LL2: Ma. | LM2: Mi. | LN2: Ju.
A3: Ítem | B3: Eje | C3: Actividad Académica | D3: Valor | E3: Tipología | F3: Docentes | G3: No. Participantes | H3: No. Certificados | I3: No. Horas P: Presencial V: Virtual | J3: No. Sesiones P: Presencial V: Virtual | K3: Fecha de Inicio | L3: Fecha de Terminación | M3: Horario P: Presencial V: Virtual | N3: 1 | O3: 2 | P3: 3 | Q3: 5 | R3: 6 | S3: 7 | T3: 8 | U3: 9 | V3: 10 | W3: 12 | X3: 13 | Y3: 14 | Z3: 15 | AA3: 16 | AB3: 17 | AC3: 19 | AD3: 20 | AE3: 21 | AF3: 22 | AG3: 23 | AH3: 24 | AI3: 26 | AJ3: 27 | AK3: 28 | AL3: 29 | AM3: 30 | AN3: 31 | AO3: 2 | AP3: 3 | AQ3: 4 | AR3: 5 | AS3: 6 | AT3: 7 | AU3: 9 | AV3: 10 | AW3: 11 | AX3: 12 | AY3: 13 | AZ3: 14 | BA3: 16 | BB3: 17 | BC3: 18 | BD3: 19 | BE3: 20 | BF3: 21 | BG3: 23 | BH3: 24 | BI3: 25 | BJ3: 26 | BK3: 27 | BL3: 28 | BM3: 2 | BN3: 3 | BO3: 4 | BP3: 5 | BQ3: 6 | BR3: 7 | BS3: 9 | BT3: 10 | BU3: 11 | BV3: 12 | BW3: 13 | BX3: 14 | BY3: 16 | BZ3: 17 | CA3: 18 | CB3: 19 | CC3: 20 | CD3: 21 | CE3: 23 | CF3: 24 | CG3: 25 | CH3: 26 | CI3: 27 | CJ3: 28 | CK3: 30 | CL3: 31 | CM3: 1 | CN3: 2 | CO3: 3 | CP3: 4 | CQ3: 6 | CR3: 7 | CS3: 8 | CT3: 9 | CU3: 10 | CV3: 11 | CW3: 13 | CX3: 14 | CY3: 15 | CZ3: 16 | DA3: 17 | DB3: 18 | DC3: 20 | DD3: 21 | DE3: 22 | DF3: 23 | DG3: 24 | DH3: 25 | DI3: 27 | DJ3: 28 | DK3: 29 | DL3: 30 | DM3: 1 | DN3: 2 | DO3: 4 | DP3: 5 | DQ3: 6 | DR3: 7 | DS3: 8 | DT3: 9 | DU3: 11 | DV3: 12 | DW3: 13 | DX3: 14 | DY3: 15 | DZ3: 16 | EA3: 18 | EB3: 19 | EC3: 20 | ED3: 21 | EE3: 22 | EF3: 23 | EG3: 25 | EH3: 26 | EI3: 27 | EJ3: 28 | EK3: 29 | EL3: 30 | EM3: 1 | EN3: 2 | EO3: 3 | EP3: 4 | EQ3: 5 | ER3: 6 | ES3: 8 | ET3: 9 | EU3: 10 | EV3: 11 | EW3: 12 | EX3: 13 | EY3: 15 | EZ3: 16 | FA3: 17 | FB3: 18 | FC3: 19 | FD3: 20 | FE3: 22 | FF3: 23 | FG3: 24 | FH3: 25 | FI3: 26 | FJ3: 27 | FK3: 29 | FL3: 30 | FM3: 1 | FN3: 2 | FO3: 3 | FP3: 4 | FQ3: 6 | FR3: 7 | FS3: 8 | FT3: 9 | FU3: 10 | FV3: 11 | FW3: 13 | FX3: 14 | FY3: 15 | FZ3: 16 | GA3: 17 | GB3: 18 | GC3: 20 | GD3: 21 | GE3: 22 | GF3: 23 | GG3: 24 | GH3: 25 | GI3: 27 | GJ3: 28 | GK3: 29 | GL3: 30 | GM3: 31 | GN3: 1 | GO3: 3 | GP3: 4 | GQ3: 5 | GR3: 6 | GS3: 7 | GT3: 8 | GU3: 10 | GV3: 11 | GW3: 12 | GX3: 13 | GY3: 14 | GZ3: 15 | HA3: 17 | HB3: 18 | HC3: 19 | HD3: 20 | HE3: 21 | HF3: 22 | HG3: 24 | HH3: 25 | HI3: 26 | HJ3: 27 | HK3: 28 | HL3: 29 | HM3: 31 | HN3: 1 | HO3: 2 | HP3: 3 | HQ3: 4 | HR3: 5 | HS3: 7 | HT3: 8 | HU3: 9 | HV3: 10 | HW3: 11 | HX3: 12 | HY3: 14 | HZ3: 15 | IA3: 16 | IB3: 17 | IC3: 18 | ID3: 19 | IE3: 21 | IF3: 22 | IG3: 23 | IH3: 24 | II3: 25 | IJ3: 26 | IK3: 28 | IL3: 29 | IM3: 30 | IN3: 1 | IO3: 2 | IP3: 3 | IQ3: 5 | IR3: 6 | IS3: 7 | IT3: 8 | IU3: 9 | IV3: 10 | IW3: 12 | IX3: 13 | IY3: 14 | IZ3: 15 | JA3: 16 | JB3: 17 | JC3: 19 | JD3: 20 | JE3: 21 | JF3: 22 | JG3: 23 | JH3: 24 | JI3: 26 | JJ3: 27 | JK3: 28 | JL3: 29 | JM3: 30 | JN3: 31 | JO3: 2 | JP3: 3 | JQ3: 4 | JR3: 5 | JS3: 6 | JT3: 7 | JU3: 9 | JV3: 10 | JW3: 11 | JX3: 12 | JY3: 13 | JZ3: 14 | KA3: 16 | KB3: 17 | KC3: 18 | KD3: 19 | KE3: 20 | KF3: 21 | KG3: 23 | KH3: 24 | KI3: 25 | KJ3: 26 | KK3: 27 | KL3: 28 | KM3: 30 | KN3: 1 | KO3: 2 | KP3: 3 | KQ3: 4 | KR3: 5 | KS3: 7 | KT3: 8 | KU3: 9 | KV3: 10 | KW3: 11 | KX3: 12 | KY3: 14 | KZ3: 15 | LA3: 16 | LB3: 17 | LC3: 18 | LD3: 19 | LE3: 21 | LF3: 22 | LG3: 23 | LH3: 24 | LI3: 25 | LJ3: 26 | LK3: 28 | LL3: 29 | LM3: 30 | LN3: 31
A4: 1 | B4: 1 | C4: Formulación y gestión de proyectos. | D4: 77000000 | E4: Presencial (50%) Virtual (50%) | F4: Cesar Augusto Prieto Cárdenas | I4: 100 | J4: 42 P: 17 V: 25 | K4: 46098 | L4: 46247 | M4: Martes y jueves P: 2 PM - 5 PM V: 2 PM - 4 PM | BZ4: 1 | CB4: 2 | CF4: 3 | CH4: 4 | CR4: 5 | CT4: 6 | CX4: 7 | CZ4: 8 | DD4: 9 | DF4: 10 | DJ4: 11 | DL4: 12 | DP4: 13 | DR4: 14 | DV4: 15 | DX4: 16 | EB4: 17 | ED4: 18 | EH4: 19 | EJ4: 20 | EN4: 21 | EP4: 22 | ET4: 23 | EV4: 24 | EZ4: 25 | FB4: 26 | FF4: 27 | FH4: 28 | FL4: 29 | FN4: 30 | FR4: 31 | FT4: 32 | FX4: 33 | FZ4: 34 | GD4: 35 | GF4: 36 | GJ4: 37 | GL4: 38 | GP4: 39 | GR4: 40 | GV4: 41 | GX4: 42
A5: 2 | B5: 1 | C5: Gestión del Conocimiento y Buenas Prácticas Institucionales | D5: 24640000 | E5: Presencial (50%) Virtual (50%) | F5: Bertha Viviana Ruales Guzmán | I5: 32 | J5: 13 P: 5 V: 8 | K5: 46237 | L5: 46335 | M5: Lunes o viernes P: 2 PM - 5 PM V: 2 PM - 4 PM | GO5: 1 | GU5: 2 | HE5: 3 | HG5: 4 | HM5: 5 | HS5: 6 | HY5: 7 | IK5: 8 | JA5: 9 | JC5: 10 | JI5: 11 | JS5: 12 | JU5: 13
A6: 3 | B6: 1 | C6: Gestión del Desempeño y Desarrollo de Competencias. | D6: 24640000 | E6: Presencial (50%) Virtual (50%) | F6: Diego Leon Reyes | I6: 32 | J6: 13 P: 5 V: 8 | K6: 46252 | L6: 46308 | M6: Martes y jueves P: 2 PM - 5 PM V: 2 PM - 4 PM | HB6: 1 | HD6: 2 | HH6: 3 | HJ6: 4 | HN6: 5 | HP6: 6 | HT6: 7 | HV6: 8 | HZ6: 9 | IB6: 10 | IL6: 11 | IN6: 12 | IX6: 13
A7: 4 | B7: 2 | C7: Gestión pública y transparencia | D7: 23040000 | E7: Presencial (20%) Virtual (80%) | F7: Docente principal: - Estefania Pisciotti Blanco Conferencistas invitados: - Paul Pulido Pachón | I7: 32 | J7: 15 P: 2 V: 13 | K7: 46162 | L7: 46220 | M7: Lunes, miércoles y viernes P: 9 AM - 12 PM V: 9 AM - 11 AM | EC7: 1 | EE7: 2 | EG7: 3 | EM7: 4 | EO7: 5 | EQ7: 6 | EW7: 7 | FA7: 8 | FE7: 9 | FI7: 10 | FO7: 11 | FQ7: 12 | FS7: 13 | FW7: 14 | GA7: 15
A8: 5 | B8: 2 | C8: Atención diferencial y comunicación efectiva | D8: 23040000 | E8: Presencial (20%) Virtual (80%) | F8: Olga Lucía Quintero Sierra | G8: =COUNTA(Tabla_AtnDiferencial[NOMBRE Y APELLIDOS]) -> 8 | H8: =COUNTIF(Tabla_AtnDiferencial[% ASISTENCIA],">=0,8") -> 7 | I8: 32 | J8: 15 P: 2 V: 13 | K8: 46097 | L8: 46150 | M8: Lunes, miércoles y viernes P: 9 AM - 12 PM V: 9 AM - 11 AM | BY8: 1 | CC8: 2 | CI8: 3 | CQ8: 4 | CS8: 5 | CU8: 6 | CW8: 7 | DA8: 8 | DC8: 9 | DE8: 10 | DG8: 11 | DI8: 12 | DO8: 13 | DQ8: 14 | DS8: 15
A9: 6 | B9: 2 | C9: Creación de Valor Público y Gestión para Resultados | D9: 28800000 | E9: Presencial (20%) Virtual (80%) | F9: Fredy Céspedes Villa | I9: 40 | J9: 19 P: 3 V: 16 | K9: 46230 | L9: 46279 | M9: Lunes, miércoles y viernes P: 9 AM - 12 PM V: 8 AM - 10 AM | GI9: 1 | GK9: 2 | GM9: 3 | GO9: 4 | GS9: 5 | GU9: 6 | GY9: 7 | HC9: 8 | HE9: 9 | HG9: 10 | HI9: 11 | HK9: 12 | HM9: 13 | HO9: 14 | HQ9: 15 | HS9: 16 | HU9: 17 | HW9: 18 | HY9: 19
A10: 7 | B10: 3 | C10: Gestión de bases de datos | D10: 77000000 | E10: Presencial (50%) Virtual (50%) | F10: Docente principal: - Robinson Andrés Jaque Pirabán Conferencistas invitados: - Jorge Eliecer Camargo Mendoza | I10: 100 | J10: 42 P: 17 V: 25 | K10: 46232 | L10: 46353 | M10: Lunes, miércoles y viernes P: 2 PM - 5 PM V: 2 PM - 4 AM | GK10: 1 | GM10: 2 | GO10: 3 | GQ10: 4 | GS10: 5 | GU10: 6 | GY10: 7 | HC10: 8 | HE10: 9 | HG10: 10 | HI10: 11 | HK10: 12 | HM10: 13 | HO10: 14 | HQ10: 15 | HS10: 16 | HU10: 17 | HW10: 18 | HY10: 19 | IA10: 20 | IC10: 21 | IK10: 22 | IM10: 23 | IO10: 24 | IY10: 25 | JA10: 26 | JC10: 27 | JE10: 28 | JG10: 29 | JI10: 30 | JK10: 31 | JM10: 32 | JQ10: 33 | JS10: 34 | JU10: 35 | JW10: 36 | JY10: 37 | KC10: 38 | KE10: 39 | KG10: 40 | KI10: 41 | KK10: 42
A11: 8 | B11: 3 | C11: Analítica de Datos e Inteligencia Artificial. | D11: 77000000 | E11: Presencial (50%) Virtual (50%) | F11: Docente principal: - Oscar Julián Perdomo Charry Conferencistas invitados: - Jorge Eliecer Camargo Mendoza - Felipe Restrepo Calle - Fabio Augusto González Osorio - Robinson Andrés Jaque Pirabán - Cesar Pedraza Bonilla | I11: 100 | J11: 42 P: 17 V: 25 | K11: 46092 | L11: 46230 | M11: Lunes, miércoles y viernes P: 1 PM - 4 PM V: 2 PM - 4 AM | BU11: 1 | BW11: 2 | BY11: 3 | CC11: 4 | CI11: 5 | CQ11: 6 | CS11: 7 | CU11: 8 | CW11: 9 | CY11: 10 | DA11: 11 | DC11: 12 | DE11: 13 | DG11: 14 | DI11: 15 | DK11: 16 | DO11: 17 | DQ11: 18 | DS11: 19 | DU11: 20 | DY11: 21 | EC11: 22 | EE11: 23 | EG11: 24 | EK11: 25 | EM11: 26 | EO11: 27 | EQ11: 28 | EU11: 29 | EW11: 30 | FA11: 31 | FE11: 32 | FG11: 33 | FI11: 34 | FM11: 35 | FO11: 36 | FQ11: 37 | FS11: 38 | FW11: 39 | GA11: 40 | GI11: 41
A12: 9 | B12: 3 | C12: Modelamiento y análisis de datos usando Power BI. | D12: 36960000 | E12: Presencial (50%) Virtual (50%) | F12: Edwar Leonardo Esteban Perez | I12: 48 | J12: 20 P: 8 V: 12 | K12: 46281 | L12: 46346 | M12: Lunes, miércoles y viernes P: 9 AM - 12 PM V: 10 AM - 12 PM | IA12: 1 | IC12: 2 | IK12: 3 | IM12: 4 | IO12: 5 | IY12: 6 | JA12: 7 | JC12: 8 | JE12: 9 | JG12: 10 | JI12: 11 | JK12: 12 | JM12: 13 | JQ12: 14 | JS12: 15 | JU12: 16 | JW12: 17 | JY12: 18 | KC12: 19 | KE12: 20
A13: 10 | B13: 4 | C13: Comunicación asertiva y Escucha Activa | D13: 23040000 | E13: Presencial (20%) Virtual (80%) | F13: Olga Lucía Quintero Sierra | G13: =COUNTA(Tabla_ComAsertiva[NOMBRE Y APELLIDOS]) -> 11 | H13: =COUNTIF(Tabla_ComAsertiva[% ASISTENCIA],">=0,8") -> 10 | I13: 32 | J13: 15 P: 2 V: 13 | K13: 46156 | L13: 46217 | M13: Martes y jueves P: 9 AM - 12 PM V: 10 AM - 12 PM | DX13: 1 | EB13: 2 | ED13: 3 | EH13: 4 | EJ13: 5 | EN13: 6 | EP13: 7 | EV13: 8 | EZ13: 9 | FF13: 10 | FH13: 11 | FN13: 12 | FR13: 13 | FT13: 14 | FX13: 15
A14: 11 | B14: 4 | C14: Gestión integral de riesgos | D14: 23040000 | E14: Presencial (20%) Virtual (80%) | F14: John Alejandro Cárdenas Morales | I14: 32 | J14: 15 P: 2 V: 13 | K14: 46219 | L14: 46282 | M14: Martes y jueves P: 9 AM - 12 PM V: 9 AM - 11 AM | FZ14: 1 | GF14: 2 | GJ14: 3 | GL14: 4 | GP14: 5 | GR14: 6 | GV14: 7 | GX14: 8 | HB14: 9 | HH14: 10 | HJ14: 11 | HN14: 12 | HT14: 13 | HV14: 14 | IB14: 15
A15: 12 | B15: 4 | C15: Pensamiento crítico para la toma de decisiones | D15: 23040000 | E15: Presencial (20%) Virtual (80%) | F15: William Angel Salazar Pulido | G15: =COUNTA(Tabla_PensamientoCrit[NOMBRE Y APELLIDOS]) -> 7 | H15: =COUNTIF(Tabla_PensamientoCrit[% ASISTENCIA],">=0,8") -> 6 | I15: 32 | J15: 15 P: 2 V: 13 | K15: 46098 | L15: 46154 | M15: Martes y jueves P: 9 AM - 12 PM V: 10 AM - 12 PM | BZ15: 1 | CB15: 2 | CF15: 3 | CH15: 4 | CR15: 5 | CT15: 6 | CX15: 7 | CZ15: 8 | DD15: 9 | DF15: 10 | DJ15: 11 | DL15: 12 | DP15: 13 | DR15: 14 | DV15: 15
A16: 13 | B16: N/A | C16: Reinducción e Inducción | D16: 35000000 | E16: Moodle | F16: N/A | I16: 8 | J16: N/A | K16: 46174 | L16: 46353 | M16: N/A
A17: 14 | B17: N/A | C17: Banco de conocimiento | D17: 35000000 | E17: Moodle | F17: N/A | I17: N/A | J17: N/A | K17: N/A | L17: N/A | M17: N/A
C18: Bolsa recursos | D18: 30000000

Sheet 1 - Formulación de proyectos
A1: UNIDAD DE EDUCACIÓN CONTINUA FACULTAD DE INGENIERÍA | AY1: VERSIÓN 1.0
AY3: PÁGINA 1 DE 1
A5: FACULTAD INGENIERÍA UNAL
A6: PROCESO: DESARROLLO DE LAS MODALIDADES DE EXTENSIÓN
A7: NOMBRE DEL CURSO, DIPLOMADO O PROYECTO
A8: DIPLOMADO "FORMULACIÓN DE PROYECTOS"
A9: NOMBRE DEL PROFESOR | E9: ='Formato Cronograma'!F4 -> Cesar Augusto Prieto Cárdenas | G9: N° S.PRESENCIALES(SP) | AA9: N° S.VIRTUALES SINCRÓNICAS(VS) | AW9: NOMBRE DEL MONITOR | BA9: DANIEL FELIPE CRUZ SAENZ
A10: FECHA DE INICIO | C10: ='Formato Cronograma'!K4 -> 46098 | D10: FECHA DE FIN | F10: ='Formato Cronograma'!L4 -> 46247 | G10: 16 | AA10: 26 | AW10: HORAS DEL DIPLOMADO | AY10: 100 | BA10: CÓDIGO HERMES
A11: INFORMACIÓN DEL ESTUDIANTE | G11: SESIONES | AW11: ASISTENCIA | BA11: NOTAS
A12: NO | B12: NOMBRE Y APELLIDOS | C12: DOCUMENTO | D12: TIPO DE VINCULACIÓN CON LA ENTIDAD | E12: ÁREA A LA QUE PERTENECE | F12: NOMBRE DEL CARGO | G12: 1 | H12: 2 | I12: 3 | J12: 4 | K12: 5 | L12: 6 | M12: 7 | N12: 8 | O12: 9 | P12: 10 | Q12: 11 | R12: 12 | S12: 13 | T12: 14 | U12: 15 | V12: 16 | W12: 17 | X12: 18 | Y12: 19 | Z12: 20 | AA12: 21 | AB12: 22 | AC12: 23 | AD12: 24 | AE12: 25 | AF12: 26 | AG12: 27 | AH12: 28 | AI12: 29 | AJ12: 30 | AK12: 31 | AL12: 32 | AM12: 33 | AN12: 34 | AO12: 35 | AP12: 36 | AQ12: 37 | AR12: 38 | AS12: 39 | AT12: 40 | AU12: 41 | AV12: 42 | AW12: HORAS ACUMULADAS | AX12: SESIONES ASISTIDAS | AY12: % ASISTENCIA | AZ12: ¿CUMPLE ASISTENCIA? | BA12: PRE | BB12: POST | BC12: FINAL | BD12: APROBACIÓN
A13: 1 | B13: Boris Fernando Rodríguez Rodríguez | C13: 79139672 | D13: Planta | E13: Subdirección De Liquidaciones Del Aseguramiento | F13: Gestor De Operaciones | G13: 3 | H13: 2 | I13: 2 | J13: 2 | K13: 2 | L13: 2 | M13: 3 | N13: 2 | O13: 3 | P13: 2 | Q13: 3 | R13: 2 | S13: 3 | T13: 2 | U13: 3 | V13: 2 | W13: 3 | X13: 2 | Y13: 2 | Z13: 2 | AA13: 3 | AB13: 2 | AC13: 3 | AD13: 2 | AE13: 3 | AF13: 2 | AG13: 3 | AH13: 2 | AI13: 3 | AJ13: 2 | AK13: 2 | AL13: 3 | AM13: 3 | AN13: 3 | AO13: 3 | AW13: =IF(B13<>"",SUM(G13:AV13),"") -> 86 | AX13: =IF(B13<>"",COUNTA(G13:AV13),"") -> 35 | AY13: =IF(B13<>"",SUM(G13:AV13)/100,"") -> 0.86 | AZ13: =IF(AY13="","",IF(AY13>=80%,"Certificado","No certificado")) -> Certificado | BD13: =IF(B13="","",IF(AND(AY13>=0.8,BC13>=3),"Aprobado","No aprobado")) -> No aprobado
A14: 2 | B14: Carlos Alberto Gómez Garay | C14: 79859706 | D14: Planta | E14: Dirección De Liquidaciones Y Garantías | F14: Gestor De Operaciones | G14: 3 | H14: 2 | I14: 2 | J14: 2 | L14: 2 | M14: 3 | N14: 2 | O14: 3 | P14: 2 | Q14: 3 | R14: 2 | S14: 3 | T14: 2 | U14: 3 | V14: 2 | W14: 3 | X14: 2 | Y14: 2 | Z14: 2 | AA14: 3 | AB14: 2 | AC14: 3 | AD14: 2 | AE14: 3 | AF14: 2 | AG14: 3 | AH14: 2 | AI14: 3 | AJ14: 2 | AK14: 2 | AL14: 3 | AM14: 3 | AN14: 3 | AW14: =IF(B14<>"",SUM(G14:AV14),"") -> 81 | AX14: =IF(B14<>"",COUNTA(G14:AV14),"") -> 35 | AY14: =IF(B14<>"",SUM(G14:AV14)/100,"") -> 0.81 | AZ14: =IF(AY14="","",IF(AY14>=80%,"Certificado","No certificado")) -> Certificado | BD14: =IF(B14="","",IF(AND(AY14>=0.8,BC14>=3),"Aprobado","No aprobado")) -> No aprobado
A15: 3 | B15: Carlos Andrés Ruiz Romero | C15: 86051326 | D15: Planta | E15: Dirección De Gestión De Tecnologías De Información Y Comunicaciones | F15: Gestor De Operaciones | AW15: =IF(B15<>"",SUM(G15:AV15),"") -> 0 | AX15: =IF(B15<>"",COUNTA(G15:AV15),"") -> 35 | AY15: =IF(B15<>"",SUM(G15:AV15)/100,"") -> 0 | AZ15: =IF(AY15="","",IF(AY15>=80%,"Certificado","No certificado")) -> No certificado | BD15: =IF(B15="","",IF(AND(AY15>=0.8,BC15>=3),"Aprobado","No aprobado")) -> No aprobado
A16: 4 | B16: José Leopoldo Bernal Bermúdez | C16: 79645745 | D16: Planta | E16: Dirección De Liquidaciones Y Garantías | F16: Gestor De Operaciones | G16: 3 | H16: 2 | I16: 2 | J16: 2 | K16: 2 | L16: 2 | M16: 3 | N16: 2 | O16: 3 | P16: 2 | Q16: 3 | R16: 2 | S16: 3 | T16: 2 | U16: 3 | V16: 2 | W16: 3 | X16: 2 | Y16: 2 | Z16: 2 | AB16: 2 | AC16: 3 | AD16: 2 | AE16: 3 | AF16: 2 | AG16: 3 | AH16: 2 | AI16: 3 | AJ16: 2 | AK16: 2 | AL16: 3 | AM16: 3 | AN16: 3 | AO16: 3 | AW16: =IF(B16<>"",SUM(G16:AV16),"") -> 83 | AX16: =IF(B16<>"",COUNTA(G16:AV16),"") -> 35 | AY16: =IF(B16<>"",SUM(G16:AV16)/100,"") -> 0.83 | AZ16: =IF(AY16="","",IF(AY16>=80%,"Certificado","No certificado")) -> Certificado | BD16: =IF(B16="","",IF(AND(AY16>=0.8,BC16>=3),"Aprobado","No aprobado")) -> No aprobado
A17: 5 | B17: Julio Cesar Ospina Marmolejo | C17: 79359722 | D17: Planta | E17: Dirección De Otras Prestaciones | F17: Gestor De Operaciones | G17: 3 | H17: 2 | I17: 2 | K17: 2 | L17: 2 | M17: 3 | O17: 3 | P17: 2 | Q17: 3 | R17: 2 | S17: 3 | T17: 2 | U17: 3 | V17: 2 | W17: 3 | X17: 2 | Y17: 2 | Z17: 2 | AA17: 3 | AB17: 2 | AC17: 3 | AD17: 2 | AE17: 3 | AF17: 2 | AG17: 3 | AH17: 2 | AJ17: 2 | AK17: 2 | AL17: 3 | AM17: 3 | AN17: 3 | AW17: =IF(B17<>"",SUM(G17:AV17),"") -> 76 | AX17: =IF(B17<>"",COUNTA(G17:AV17),"") -> 35 | AY17: =IF(B17<>"",SUM(G17:AV17)/100,"") -> 0.76 | AZ17: =IF(AY17="","",IF(AY17>=80%,"Certificado","No certificado")) -> No certificado | BD17: =IF(B17="","",IF(AND(AY17>=0.8,BC17>=3),"Aprobado","No aprobado")) -> No aprobado
A18: 6 | B18: Oscar Mauricio Vanegas Vargas | C18: 80215478 | D18: Planta | E18: Dirección De Gestión De Tecnologías De Información Y Comunicaciones | F18: Gestor De Operaciones | G18: 3 | H18: 2 | I18: 2 | J18: 2 | K18: 2 | L18: 2 | M18: 3 | N18: 2 | O18: 3 | P18: 2 | Q18: 3 | R18: 2 | S18: 3 | T18: 2 | U18: 3 | V18: 2 | W18: 3 | X18: 2 | Y18: 2 | Z18: 2 | AA18: 3 | AB18: 2 | AC18: 3 | AD18: 2 | AE18: 3 | AF18: 2 | AG18: 3 | AH18: 2 | AI18: 3 | AJ18: 2 | AK18: 2 | AL18: 3 | AM18: 3 | AN18: 3 | AO18: 3 | AW18: =IF(B18<>"",SUM(G18:AV18),"") -> 86 | AX18: =IF(B18<>"",COUNTA(G18:AV18),"") -> 35 | AY18: =IF(B18<>"",SUM(G18:AV18)/100,"") -> 0.86 | AZ18: =IF(AY18="","",IF(AY18>=80%,"Certificado","No certificado")) -> Certificado | BD18: =IF(B18="","",IF(AND(AY18>=0.8,BC18>=3),"Aprobado","No aprobado")) -> No aprobado
A19: Observaciones:

Sheet 2 - Gestión del conocimiento
A1: UNIDAD DE EDUCACIÓN CONTINUA FACULTAD DE INGENIERÍA | V1: VERSIÓN 1.0
V3: PÁGINA 1 DE 1
A5: FACULTAD INGENIERÍA UNAL
A6: PROCESO: DESARROLLO DE LAS MODALIDADES DE EXTENSIÓN
A7: NOMBRE DEL CURSO, DIPLOMADO O PROYECTO
A8: CURSO "XX"
A9: NOMBRE DEL PROFESOR | E9: ='Formato Cronograma'!F5 -> Bertha Viviana Ruales Guzmán | G9: N° S.PRESENCIALES(SP) | O9: N° S.VIRTUALES SINCRÓNICAS(VS) | T9: NOMBRE DEL MONITOR | X9: DANIEL FELIPE CRUZ SAENZ
A10: FECHA DE INICIO | C10: ='Formato Cronograma'!K5 -> 46237 | D10: FECHA DE FIN | F10: ='Formato Cronograma'!L5 -> 46335 | G10: 5 | O10: 8 | T10: HORAS DEL CURSO | V10: 32 | X10: CÓDIGO HERMES
A11: INFORMACIÓN DEL ESTUDIANTE | G11: SESIONES | T11: ASISTENCIA | X11: NOTAS
A12: NO | B12: NOMBRE Y APELLIDOS | C12: DOCUMENTO | D12: TIPO DE VINCULACIÓN CON LA ENTIDAD | E12: ÁREA A LA QUE PERTENECE | F12: NOMBRE DEL CARGO | G12: 1 | H12: 2 | I12: 3 | J12: 4 | K12: 5 | L12: 6 | M12: 7 | N12: 8 | O12: 9 | P12: 10 | Q12: 11 | R12: 12 | S12: 13 | T12: HORAS ACUMULADAS | U12: SESIONES ASISTIDAS | V12: % ASISTENCIA | W12: ¿CUMPLE ASISTENCIA? | X12: PRE | Y12: POST | Z12: FINAL | AA12: APROBACIÓN
A13: 1 | B13: Edilberto Zamora Alvarado | C13: 19259792 | D13: Planta | E13: =_xlfn.XLOOKUP(C13,[1]Hoja1!$B:$B,[1]Hoja1!$G:$G) -> DIRECCIÓN DE GESTIÓN DE TECNOLOGÍAS DE INFORMACIÓN Y COMUNICACIONES | F13: =_xlfn.XLOOKUP(C13,[1]Hoja1!$B:$B,[1]Hoja1!$F:$F) -> GESTOR DE OPERACIONES | T13: =IF(B13<>"",SUM(G13:S13),"") -> 0 | U13: =IF(B13<>"",COUNTA(G13:S13),"") -> 0 | V13: =IF(B13<>"",SUM(G13:S13)/40,"") -> 0 | W13: =IF(V13="","",IF(V13>=80%,"Certificado","No certificado")) -> No certificado | AA13: =IF(B13="","",IF(AND(V13>=0.8,Z13>=3),"Aprobado","No aprobado")) -> No aprobado
A14: 2 | B14: Francy Abril Morales | C14: 52498179 | D14: Planta | E14: =_xlfn.XLOOKUP(C14,[1]Hoja1!$B:$B,[1]Hoja1!$G:$G) -> DIRECCIÓN ADMINISTRATIVA Y FINANCIERA | F14: =_xlfn.XLOOKUP(C14,[1]Hoja1!$B:$B,[1]Hoja1!$F:$F) -> GESTOR DE OPERACIONES | T14: =IF(B14<>"",SUM(G14:S14),"") -> 0 | U14: =IF(B14<>"",COUNTA(G14:S14),"") -> 0 | V14: =IF(B14<>"",SUM(G14:S14)/40,"") -> 0 | W14: =IF(V14="","",IF(V14>=80%,"Certificado","No certificado")) -> No certificado | AA14: =IF(B14="","",IF(AND(V14>=0.8,Z14>=3),"Aprobado","No aprobado")) -> No aprobado
A15: 3 | B15: Juan Carlos Giron Sanabria | C15: 14139437 | D15: Planta | E15: =_xlfn.XLOOKUP(C15,[1]Hoja1!$B:$B,[1]Hoja1!$G:$G) -> SUBDIRECCIÓN DE LIQUIDACIONES DEL ASEGURAMIENTO | F15: =_xlfn.XLOOKUP(C15,[1]Hoja1!$B:$B,[1]Hoja1!$F:$F) -> GESTOR DE OPERACIONES | T15: =IF(B15<>"",SUM(G15:S15),"") -> 0 | U15: =IF(B15<>"",COUNTA(G15:S15),"") -> 0 | V15: =IF(B15<>"",SUM(G15:S15)/40,"") -> 0 | W15: =IF(V15="","",IF(V15>=80%,"Certificado","No certificado")) -> No certificado | AA15: =IF(B15="","",IF(AND(V15>=0.8,Z15>=3),"Aprobado","No aprobado")) -> No aprobado
A16: 4 | B16: Luisa Fernanda Diaz Gonzalez | C16: 1032399404 | D16: Planta | E16: =_xlfn.XLOOKUP(C16,[1]Hoja1!$B:$B,[1]Hoja1!$G:$G) -> DIRECCIÓN DE OTRAS PRESTACIONES | F16: =_xlfn.XLOOKUP(C16,[1]Hoja1!$B:$B,[1]Hoja1!$F:$F) -> GESTOR DE OPERACIONES | T16: =IF(B16<>"",SUM(G16:S16),"") -> 0 | U16: =IF(B16<>"",COUNTA(G16:S16),"") -> 0 | V16: =IF(B16<>"",SUM(G16:S16)/40,"") -> 0 | W16: =IF(V16="","",IF(V16>=80%,"Certificado","No certificado")) -> No certificado | AA16: =IF(B16="","",IF(AND(V16>=0.8,Z16>=3),"Aprobado","No aprobado")) -> No aprobado
A17: 5 | B17: Maria Fernanda Fragozo Alvarez | C17: 1121332079 | D17: Planta | E17: =_xlfn.XLOOKUP(C17,[1]Hoja1!$B:$B,[1]Hoja1!$G:$G) -> OFICINA DE CONTROL INTERNO | F17: =_xlfn.XLOOKUP(C17,[1]Hoja1!$B:$B,[1]Hoja1!$F:$F) -> GESTOR DE OPERACIONES | T17: =IF(B17<>"",SUM(G17:S17),"") -> 0 | U17: =IF(B17<>"",COUNTA(G17:S17),"") -> 0 | V17: =IF(B17<>"",SUM(G17:S17)/40,"") -> 0 | W17: =IF(V17="","",IF(V17>=80%,"Certificado","No certificado")) -> No certificado | AA17: =IF(B17="","",IF(AND(V17>=0.8,Z17>=3),"Aprobado","No aprobado")) -> No aprobado
A18: 6 | B18: Paola Andrea Cespedes Forero | C18: 52536438 | D18: Planta | E18: =_xlfn.XLOOKUP(C18,[1]Hoja1!$B:$B,[1]Hoja1!$G:$G) -> DIRECCIÓN DE OTRAS PRESTACIONES | F18: =_xlfn.XLOOKUP(C18,[1]Hoja1!$B:$B,[1]Hoja1!$F:$F) -> GESTOR DE OPERACIONES | T18: =IF(B18<>"",SUM(G18:S18),"") -> 0 | U18: =IF(B18<>"",COUNTA(G18:S18),"") -> 0 | V18: =IF(B18<>"",SUM(G18:S18)/40,"") -> 0 | W18: =IF(V18="","",IF(V18>=80%,"Certificado","No certificado")) -> No certificado | AA18: =IF(B18="","",IF(AND(V18>=0.8,Z18>=3),"Aprobado","No aprobado")) -> No aprobado
A19: 7 | B19: Teodolinda Sanchez Delgado | C19: 28977244 | D19: Planta | E19: =_xlfn.XLOOKUP(C19,[1]Hoja1!$B:$B,[1]Hoja1!$G:$G) -> OFICINA DE CONTROL INTERNO | F19: =_xlfn.XLOOKUP(C19,[1]Hoja1!$B:$B,[1]Hoja1!$F:$F) -> GESTOR DE OPERACIONES | T19: =IF(B19<>"",SUM(G19:S19),"") -> 0 | U19: =IF(B19<>"",COUNTA(G19:S19),"") -> 0 | V19: =IF(B19<>"",SUM(G19:S19)/40,"") -> 0 | W19: =IF(V19="","",IF(V19>=80%,"Certificado","No certificado")) -> No certificado | AA19: =IF(B19="","",IF(AND(V19>=0.8,Z19>=3),"Aprobado","No aprobado")) -> No aprobado
A20: 8 | B20: Wilmer Garcia Londoño | C20: 80152956 | D20: Planta | E20: =_xlfn.XLOOKUP(C20,[1]Hoja1!$B:$B,[1]Hoja1!$G:$G) -> DIRECCIÓN DE GESTIÓN DE TECNOLOGÍAS DE INFORMACIÓN Y COMUNICACIONES | F20: =_xlfn.XLOOKUP(C20,[1]Hoja1!$B:$B,[1]Hoja1!$F:$F) -> GESTOR DE OPERACIONES | T20: =IF(B20<>"",SUM(G20:S20),"") -> 0 | U20: =IF(B20<>"",COUNTA(G20:S20),"") -> 0 | V20: =IF(B20<>"",SUM(G20:S20)/40,"") -> 0 | W20: =IF(V20="","",IF(V20>=80%,"Certificado","No certificado")) -> No certificado | AA20: =IF(B20="","",IF(AND(V20>=0.8,Z20>=3),"Aprobado","No aprobado")) -> No aprobado
A21: 9 | B21: Yerly Alejandra Niño Castillo | C21: 52353064 | D21: Planta | E21: =_xlfn.XLOOKUP(C21,[1]Hoja1!$B:$B,[1]Hoja1!$G:$G) -> SUBDIRECCIÓN DE LIQUIDACIONES DEL ASEGURAMIENTO | F21: =_xlfn.XLOOKUP(C21,[1]Hoja1!$B:$B,[1]Hoja1!$F:$F) -> GESTOR DE OPERACIONES | T21: =IF(B21<>"",SUM(G21:S21),"") -> 0 | U21: =IF(B21<>"",COUNTA(G21:S21),"") -> 0 | V21: =IF(B21<>"",SUM(G21:S21)/40,"") -> 0 | W21: =IF(V21="","",IF(V21>=80%,"Certificado","No certificado")) -> No certificado | AA21: =IF(B21="","",IF(AND(V21>=0.8,Z21>=3),"Aprobado","No aprobado")) -> No aprobado
A22: Observaciones:

Sheet 3 - Gestión del desempeño
A1: UNIDAD DE EDUCACIÓN CONTINUA FACULTAD DE INGENIERÍA | V1: VERSIÓN 1.0
V3: PÁGINA 1 DE 1
A5: FACULTAD INGENIERÍA UNAL
A6: PROCESO: DESARROLLO DE LAS MODALIDADES DE EXTENSIÓN
A7: NOMBRE DEL CURSO, DIPLOMADO O PROYECTO
A8: CURSO "XX"
A9: NOMBRE DEL PROFESOR | E9: ='Formato Cronograma'!F6 -> Diego Leon Reyes | G9: N° S.PRESENCIALES(SP) | O9: N° S.VIRTUALES SINCRÓNICAS(VS) | T9: NOMBRE DEL MONITOR | X9: DANIEL FELIPE CRUZ SAENZ
A10: FECHA DE INICIO | C10: ='Formato Cronograma'!K6 -> 46252 | D10: FECHA DE FIN | F10: ='Formato Cronograma'!L6 -> 46308 | G10: 5 | O10: 8 | T10: HORAS DEL CURSO | V10: 32 | X10: CÓDIGO HERMES
A11: INFORMACIÓN DEL ESTUDIANTE | G11: SESIONES | T11: ASISTENCIA | X11: NOTAS
A12: NO | B12: NOMBRE Y APELLIDOS | C12: DOCUMENTO | D12: TIPO DE VINCULACIÓN CON LA ENTIDAD | E12: ÁREA A LA QUE PERTENECE | F12: NOMBRE DEL CARGO | G12: 1 | H12: 2 | I12: 3 | J12: 4 | K12: 5 | L12: 6 | M12: 7 | N12: 8 | O12: 9 | P12: 10 | Q12: 11 | R12: 12 | S12: 13 | T12: HORAS ACUMULADAS | U12: SESIONES ASISTIDAS | V12: % ASISTENCIA | W12: ¿CUMPLE ASISTENCIA? | X12: PRE | Y12: POST | Z12: FINAL | AA12: APROBACIÓN
A13: 1 | T13: =IF(B13<>"",SUM(G13:S13),"") | U13: =IF(B13<>"",COUNTA(G13:S13),"") | V13: =IF(B13<>"",SUM(G13:S13)/40,"") | W13: =IF(V13="","",IF(V13>=80%,"Certificado","No certificado")) | AA13: =IF(B13="","",IF(AND(V13>=0.8,Z13>=3),"Aprobado","No aprobado"))
A14: 2 | T14: =IF(B14<>"",SUM(G14:S14),"") | U14: =IF(B14<>"",COUNTA(G14:S14),"") | V14: =IF(B14<>"",SUM(G14:S14)/40,"") | W14: =IF(V14="","",IF(V14>=80%,"Certificado","No certificado")) | AA14: =IF(B14="","",IF(AND(V14>=0.8,Z14>=3),"Aprobado","No aprobado"))
A15: 3 | T15: =IF(B15<>"",SUM(G15:S15),"") | U15: =IF(B15<>"",COUNTA(G15:S15),"") | V15: =IF(B15<>"",SUM(G15:S15)/40,"") | W15: =IF(V15="","",IF(V15>=80%,"Certificado","No certificado")) | AA15: =IF(B15="","",IF(AND(V15>=0.8,Z15>=3),"Aprobado","No aprobado"))
A16: 4 | T16: =IF(B16<>"",SUM(G16:S16),"") | U16: =IF(B16<>"",COUNTA(G16:S16),"") | V16: =IF(B16<>"",SUM(G16:S16)/40,"") | W16: =IF(V16="","",IF(V16>=80%,"Certificado","No certificado")) | AA16: =IF(B16="","",IF(AND(V16>=0.8,Z16>=3),"Aprobado","No aprobado"))
A17: 5 | T17: =IF(B17<>"",SUM(G17:S17),"") | U17: =IF(B17<>"",COUNTA(G17:S17),"") | V17: =IF(B17<>"",SUM(G17:S17)/40,"") | W17: =IF(V17="","",IF(V17>=80%,"Certificado","No certificado")) | AA17: =IF(B17="","",IF(AND(V17>=0.8,Z17>=3),"Aprobado","No aprobado"))
A18: 6 | T18: =IF(B18<>"",SUM(G18:S18),"") | U18: =IF(B18<>"",COUNTA(G18:S18),"") | V18: =IF(B18<>"",SUM(G18:S18)/40,"") | W18: =IF(V18="","",IF(V18>=80%,"Certificado","No certificado")) | AA18: =IF(B18="","",IF(AND(V18>=0.8,Z18>=3),"Aprobado","No aprobado"))
A19: 7 | T19: =IF(B19<>"",SUM(G19:S19),"") | U19: =IF(B19<>"",COUNTA(G19:S19),"") | V19: =IF(B19<>"",SUM(G19:S19)/40,"") | W19: =IF(V19="","",IF(V19>=80%,"Certificado","No certificado")) | AA19: =IF(B19="","",IF(AND(V19>=0.8,Z19>=3),"Aprobado","No aprobado"))
A20: 8 | T20: =IF(B20<>"",SUM(G20:S20),"") | U20: =IF(B20<>"",COUNTA(G20:S20),"") | V20: =IF(B20<>"",SUM(G20:S20)/40,"") | W20: =IF(V20="","",IF(V20>=80%,"Certificado","No certificado")) | AA20: =IF(B20="","",IF(AND(V20>=0.8,Z20>=3),"Aprobado","No aprobado"))
A21: 9 | T21: =IF(B21<>"",SUM(G21:S21),"") | U21: =IF(B21<>"",COUNTA(G21:S21),"") | V21: =IF(B21<>"",SUM(G21:S21)/40,"") | W21: =IF(V21="","",IF(V21>=80%,"Certificado","No certificado")) | AA21: =IF(B21="","",IF(AND(V21>=0.8,Z21>=3),"Aprobado","No aprobado"))
A22: 10 | T22: =IF(B22<>"",SUM(G22:S22),"") | U22: =IF(B22<>"",COUNTA(G22:S22),"") | V22: =IF(B22<>"",SUM(G22:S22)/40,"") | W22: =IF(V22="","",IF(V22>=80%,"Certificado","No certificado")) | AA22: =IF(B22="","",IF(AND(V22>=0.8,Z22>=3),"Aprobado","No aprobado"))
A23: 11 | T23: =IF(B23<>"",SUM(G23:S23),"") | U23: =IF(B23<>"",COUNTA(G23:S23),"") | V23: =IF(B23<>"",SUM(G23:S23)/40,"") | W23: =IF(V23="","",IF(V23>=80%,"Certificado","No certificado")) | AA23: =IF(B23="","",IF(AND(V23>=0.8,Z23>=3),"Aprobado","No aprobado"))
A24: 12 | T24: =IF(B24<>"",SUM(G24:S24),"") | U24: =IF(B24<>"",COUNTA(G24:S24),"") | V24: =IF(B24<>"",SUM(G24:S24)/40,"") | W24: =IF(V24="","",IF(V24>=80%,"Certificado","No certificado")) | AA24: =IF(B24="","",IF(AND(V24>=0.8,Z24>=3),"Aprobado","No aprobado"))
... A28: 16 | T28: =IF(B28<>"",SUM(G28:S28),"") | U28: =IF(B28<>"",COUNTA(G28:S28),"") | V28: =IF(B28<>"",SUM(G28:S28)/40,"") | W28: =IF(V28="","",IF(V28>=80%,"Certificado","No certificado")) | AA28: =IF(B28="","",IF(AND(V28>=0.8,Z28>=3),"Aprobado","No aprobado"))
A29: Observaciones:

Sheet 4 - Gestión pública
A1: UNIDAD DE EDUCACIÓN CONTINUA FACULTAD DE INGENIERÍA | X1: VERSIÓN 1.0 | AD1: AD13
AD2: 4
X3: PÁGINA 1 DE 1 | AD3: 5
A5: FACULTAD INGENIERÍA UNAL
A6: PROCESO: DESARROLLO DE LAS MODALIDADES DE EXTENSIÓN
A7: NOMBRE DEL CURSO, DIPLOMADO O PROYECTO
A8: CURSO "Gestión Pública y Transparencia"
A9: NOMBRE DEL PROFESOR | E9: ='Formato Cronograma'!F7 -> Docente principal: - Estefania Pisciotti Blanco Conferencistas invitados: - Paul Pulido Pachón | G9: N° S.PRESENCIALES(SP) | O9: N° S.VIRTUALES SINCRÓNICAS(VS) | V9: NOMBRE DEL MONITOR | Z9: DANIEL FELIPE CRUZ SAENZ
A10: FECHA DE INICIO | C10: ='Formato Cronograma'!K7 -> 46162 | D10: FECHA DE FIN | F10: ='Formato Cronograma'!L7 -> 46220 | G10: 2 | O10: 13 | V10: HORAS DEL CURSO | X10: 32 | Z10: CÓDIGO HERMES | AA10: 62738 | AD10: ENCUESTA
A11: INFORMACIÓN DEL ESTUDIANTE | G11: SESIONES | V11: ASISTENCIA | Z11: NOTAS | AD11: ENCUESTA - DOCENTE PRINCIPAL (ESTEFANÍA PISCIOTTI BLANCO) | AJ11: ENCUESTA - CONFERENCISTA INVITADO (PAUL PULIDO PACHÓN) | AP11: ENCUESTA - MONITOR | AS11: ENCUESTA - LOGÍSTICA | BC11: ENCUESTA - PREGUNTAS ABIERTAS | BH11: TOTAL
A12: NO | B12: NOMBRE Y APELLIDOS | C12: DOCUMENTO | D12: TIPO DE VINCULACIÓN CON LA ENTIDAD | E12: ÁREA A LA QUE PERTENECE | F12: NOMBRE DEL CARGO | G12: 1 | H12: 2 | I12: 3 | J12: 4 | K12: 5 | L12: 6 | M12: 7 | N12: 8 | O12: 9 | P12: 10 | Q12: 11 | R12: 12 | S12: 13 | T12: 14 | U12: 15 | V12: HORAS ACUMULADAS | W12: SESIONES ASISTIDAS | X12: % ASISTENCIA | Y12: ¿CUMPLE ASISTENCIA? | Z12: PRE | AA12: POST | AB12: FINAL | AC12: APROBACIÓN | AD12: 1,1 El cumplimiento de los objetivos y desarrollo del contenido de la actividad fue | AE12: 1,2 Actualización en el área | AF12: 1,3 Capacidad para comunicar ideas | AG12: 1,4 Pertinencia de la metodología empleada | AH12: 1,5 Cumplimiento de los horarios previstos en el cronograma de la actividad | AI12: 1,6 Conocimiento y dominio de los temas | AJ12: 1,1 El cumplimiento de los objetivos y desarrollo del contenido de la actividad fue | AK12: 1,2 Actualización en el área | AL12: 1,3 Capacidad para comunicar ideas | AM12: 1,4 Pertinencia de la metodología empleada | AN12: 1,5 Cumplimiento de los horarios previstos en el cronograma de la actividad | AO12: 1,6 Conocimiento y dominio de los temas | AP12: 2,1 Apoyo al conferencista y asistentes en las tareas previstas en la actividad | AQ12: 2,2 Acompañamiento en cada una de las sesiones de la actividad | AR12: 2,3 Disposición y actitud frente a los asistentes | AS12: 3,1 Contenido del material suministrado | AT12: 3,2 Presentación del material suministrado | AU12: 3,3 Atención de refrigerios | AV12: 3,4 Instalaciones Físicas | AW12: 3,5 Ayudas audiovisuales | AX12: 3,6 Atención en el proceso de inscripción | AY12: 3,7 Disponibilidad del aula virtual | AZ12: 3,8 Contacto con el docente | BA12: 3,9 Pertinencia del material dispuesto en la plataforma | BB12: 3,10 Manejo de las herramientas digitales | BC12: 4,1 ¿Qué temas considera necesarios profundizar en este actividad? | BD12: 4,2 ¿Qué recomendaciones haría para mejorar las actividades? | BE12: 4,3 ¿En qué áreas desearía obtener información y/o actualización a través de las actividades de Educación Continua y Permanente? | BF12: 4,4 ¿Asistiría a otra actividad programada por nosotros? | BG12: 4,5 ¿La actividad fue satisfactoria? | BH12: Promedio
A13: 1 | B13: Ana Milena Escobar Rincón | C13: 63532359 | D13: Planta | E13: Dirección Administrativa y Financiera | F13: =_xlfn.XLOOKUP(C13,[1]Hoja1!$B:$B,[1]Hoja1!$F:$F) -> GESTOR DE OPERACIONES | G13: 3 | H13: 2 | I13: 2 | J13: 2 | K13: 2 | M13: 2 | N13: 2 | O13: 2 | R13: 2 | S13: 2 | T13: 2 | U13: 3 | V13: =IF(B13<>"",SUM(G13:U13),"") -> 26 | W13: =IF(B13<>"",COUNTA(G13:U13),"") -> 15 | X13: =IF(B13<>"",SUM(G13:U13)/32,"") -> 0.8125 | Y13: =IF(X13="","",IF(X13>=80%,"Certificado","No certificado")) -> Certificado | Z13: NP | AA13: 4 | AB13: 4 | AC13: =IF(B13="","",IF(AND(X13>=0.8,AB13>=3),"Aprobado","No aprobado")) -> Aprobado | AD13: 4 | AE13: 5 | AF13: 5 | AG13: 5 | AH13: 5 | AI13: 4 | AJ13: 4 | AK13: 4 | AL13: 4 | AM13: 4 | AN13: 4 | AO13: 4 | AP13: 5 | AQ13: 5 | AR13: 5 | AS13: 4 | AT13: 4 | AU13: 5 | AV13: 4 | AW13: 4 | AX13: 5 | AY13: 5 | AZ13: 5 | BA13: 5 | BB13: 5 | BC13: * | BD13: Que no sea en instalaciones de la entidad. | BE13: * | BF13: SI | BG13: 4 | BH13: =AVERAGE(AD13:BG13) -> 4.5
A14: 2 | B14: Andrea Paola Medina Salazar | C14: 1016051844 | D14: Planta | E14: Dirección Administrativa y Financiera | F14: =_xlfn.XLOOKUP(C14,[1]Hoja1!$B:$B,[1]Hoja1!$F:$F) -> GESTOR DE OPERACIONES | G14: 3 | H14: 2 | I14: 2 | J14: 2 | K14: 2 | L14: 2 | N14: 2 | O14: 2 | P14: 2 | Q14: 2 | R14: 2 | S14: 2 | T14: 2 | U14: 3 | V14: =IF(B14<>"",SUM(G14:U14),"") -> 30 | W14: =IF(B14<>"",COUNTA(G14:U14),"") -> 15 | X14: =IF(B14<>"",SUM(G14:U14)/32,"") -> 0.9375 | Y14: =IF(X14="","",IF(X14>=80%,"Certificado","No certificado")) -> Certificado | Z14: 4 | AA14: NP | AB14: 4 | AC14: =IF(B14="","",IF(AND(X14>=0.8,AB14>=3),"Aprobado","No aprobado")) -> Aprobado | AD14: 4 | AE14: 5 | AF14: 5 | AG14: 5 | AH14: 5 | AI14: 4 | AJ14: 4 | AK14: 4 | AL14: 4 | AM14: 4 | AN14: 4 | AO14: 4 | AP14: 5 | AQ14: 5 | AR14: 5 | AS14: 5 | AT14: 5 | AU14: 5 | AV14: 5 | AW14: 5 | AX14: 5 | AY14: 5 | AZ14: 5 | BA14: 5 | BB14: 5 | BC14: estuvo muy completo el curso y los temas manejados | BD14: por el momento todo fue de mi agrado y el curso muy completo | BE14: leyes actualizadas que puedan aplicar a la entidad | BF14: SI | BG14: 5 | BH14: =AVERAGE(AD14:BG14) -> 4.6923077
A15: 3 | B15: Angie Carolina Velasco Martínez | C15: 52761826 | D15: Planta | E15: Dirección Administrativa y Financiera | F15: =_xlfn.XLOOKUP(C15,[1]Hoja1!$B:$B,[1]Hoja1!$F:$F) -> GESTOR DE OPERACIONES | G15: 3 | I15: 2 | J15: 2 | K15: 2 | M15: 2 | N15: 2 | O15: 2 | P15: 2 | Q15: 2 | S15: 2 | T15: 2 | U15: 3 | V15: =IF(B15<>"",SUM(G15:U15),"") -> 26 | W15: =IF(B15<>"",COUNTA(G15:U15),"") -> 15 | X15: =IF(B15<>"",SUM(G15:U15)/32,"") -> 0.8125 | Y15: =IF(X15="","",IF(X15>=80%,"Certificado","No certificado")) -> Certificado | Z15: 4 | AA15: NP | AB15: 4 | AC15: =IF(B15="","",IF(AND(X15>=0.8,AB15>=3),"Aprobado","No aprobado")) -> Aprobado
A16: 4 | B16: Camilo Alberto Alfaro Jiménez | C16: 1020740232 | D16: Planta | E16: Dirección de Otras Prestaciones | F16: =_xlfn.XLOOKUP(C16,[1]Hoja1!$B:$B,[1]Hoja1!$F:$F) -> GESTOR DE OPERACIONES | G16: 3 | H16: 2 | I16: 2 | J16: 2 | K16: 2 | L16: 2 | N16: 2 | O16: 2 | R16: 2 | S16: 2 | T16: 2 | U16: 3 | V16: =IF(B16<>"",SUM(G16:U16),"") -> 26 | W16: =IF(B16<>"",COUNTA(G16:U16),"") -> 15 | X16: =IF(B16<>"",SUM(G16:U16)/32,"") -> 0.8125 | Y16: =IF(X16="","",IF(X16>=80%,"Certificado","No certificado")) -> Certificado | Z16: 4 | AA16: NP | AB16: 4 | AC16: =IF(B16="","",IF(AND(X16>=0.8,AB16>=3),"Aprobado","No aprobado")) -> Aprobado | AD16: 5 | AE16: 5 | AF16: 5 | AG16: 5 | AH16: 5 | AI16: 5 | AJ16: 5 | AK16: 5 | AL16: 5 | AM16: 5 | AN16: 5 | AO16: 5 | AP16: 5 | AQ16: 5 | AR16: 5 | AS16: 5 | AT16: 4 | AU16: 5 | AV16: 5 | AW16: 5 | AX16: 4 | AY16: 4 | AZ16: 4 | BA16: 4 | BB16: 5 | BC16: N/A - Fue muy amplia y asertiva | BD16: más clases para tener un poco mas de espacio en el estudio de cada tema | BE16: estructura del estado | BF16: SI | BG16: 5 | BH16: =AVERAGE(AD16:BG16) -> 4.8076923
A17: 5 | B17: Diana Esperanza Torres Rodríguez | C17: 52758406 | D17: Planta | E17: Oficina Asesora de Planeación y Control de Riesgos | F17: =_xlfn.XLOOKUP(C17,[1]Hoja1!$B:$B,[1]Hoja1!$F:$F) -> GESTOR DE OPERACIONES | H17: 2 | I17: 2 | K17: 2 | M17: 2 | P17: 2 | Q17: 2 | R17: 2 | S17: 2 | T17: 2 | U17: 3 | V17: =IF(B17<>"",SUM(G17:U17),"") -> 21 | W17: =IF(B17<>"",COUNTA(G17:U17),"") -> 15 | X17: =IF(B17<>"",SUM(G17:U17)/32,"") -> 0.65625 | Y17: =IF(X17="","",IF(X17>=80%,"Certificado","No certificado")) -> No certificado | Z17: 4 | AA17: NP | AB17: 3 | AC17: =IF(B17="","",IF(AND(X17>=0.8,AB17>=3),"Aprobado","No aprobado")) -> No aprobado
A18: 6 | B18: Edinson Mauricio Hernández Manrique | C18: 13928254 | D18: Planta | E18: Dirección de Otras Prestaciones | F18: =_xlfn.XLOOKUP(C18,[1]Hoja1!$B:$B,[1]Hoja1!$F:$F) -> GESTOR | G18: 3 | H18: 2 | I18: 2 | J18: 2 | K18: 2 | M18: 2 | O18: 2 | P18: 2 | Q18: 2 | R18: 2 | S18: 2 | T18: 2 | U18: 3 | V18: =IF(B18<>"",SUM(G18:U18),"") -> 28 | W18: =IF(B18<>"",COUNTA(G18:U18),"") -> 15 | X18: =IF(B18<>"",SUM(G18:U18)/32,"") -> 0.875 | Y18: =IF(X18="","",IF(X18>=80%,"Certificado","No certificado")) -> Certificado | Z18: 3.5 | AA18: 4 | AB18: 4 | AC18: =IF(B18="","",IF(AND(X18>=0.8,AB18>=3),"Aprobado","No aprobado")) -> Aprobado | AD18: 5 | AE18: 5 | AF18: 5 | AG18: 5 | AH18: 5 | AI18: 5 | AJ18: 4 | AK18: 5 | AL18: 4 | AM18: 4 | AN18: 5 | AO18: 5 | AP18: 5 | AQ18: 5 | AR18: 5 | AS18: 5 | AT18: 5 | AU18: 5 | AV18: 5 | AW18: 5 | AX18: 5 | AY18: 5 | AZ18: 5 | BA18: 5 | BB18: 5 | BC18: Normatividad vigente | BD18: Más clases presenciales, en lo virtual se distrae mucho el estudiante | BE18: Normatividad vigente | BF18: SI | BG18: 5 | BH18: =AVERAGE(AD18:BG18) -> 4.8846154
A19: 7 | B19: Edwin Hernán Escobar Osorio | C19: 80200994 | D19: Planta | E19: Subdirección de Liquidaciones del Aseguramiento | F19: =_xlfn.XLOOKUP(C19,[1]Hoja1!$B:$B,[1]Hoja1!$F:$F) -> GESTOR DE OPERACIONES | G19: 3 | H19: 2 | I19: 2 | J19: 2 | K19: 2 | L19: 2 | M19: 2 | N19: 2 | O19: 2 | P19: 2 | Q19: 2 | R19: 2 | S19: 2 | T19: 2 | U19: 3 | V19: =IF(B19<>"",SUM(G19:U19),"") -> 32 | W19: =IF(B19<>"",COUNTA(G19:U19),"") -> 15 | X19: =IF(B19<>"",SUM(G19:U19)/32,"") -> 1 | Y19: =IF(X19="","",IF(X19>=80%,"Certificado","No certificado")) -> Certificado | Z19: 4 | AA19: 4 | AB19: 4 | AC19: =IF(B19="","",IF(AND(X19>=0.8,AB19>=3),"Aprobado","No aprobado")) -> Aprobado | AD19: 5 | AE19: 5 | AF19: 5 | AG19: 5 | AH19: 5 | AI19: 5 | AJ19: 5 | AK19: 5 | AL19: 5 | AM19: 5 | AN19: 5 | AO19: 5 | AP19: 5 | AQ19: 5 | AR19: 5 | AS19: 5 | AT19: 5 | AU19: 5 | AV19: 5 | AW19: 5 | AX19: 5 | AY19: 5 | AZ19: 5 | BA19: 5 | BB19: 5 | BC19: La importancia de la transparencia en el sector público | BD19: N/a | BE19: Servicio publico | BF19: SI | BG19: 5 | BH19: =AVERAGE(AD19:BG19) -> 5
A20: 8 | B20: Ernesto Ramírez Virgüez | C20: 80097261 | D20: Planta | E20: Dirección De Gestión De Tecnologías De Información Y Comunicaciones | F20: =_xlfn.XLOOKUP(C20,[1]Hoja1!$B:$B,[1]Hoja1!$F:$F) -> GESTOR DE OPERACIONES | G20: 3 | H20: 2 | I20: 2 | J20: 2 | K20: 2 | L20: 2 | M20: 2 | N20: 2 | O20: 2 | P20: 2 | Q20: 2 | R20: 2 | S20: 2 | T20: 2 | V20: =IF(B20<>"",SUM(G20:U20),"") -> 29 | W20: =IF(B20<>"",COUNTA(G20:U20),"") -> 15 | X20: =IF(B20<>"",SUM(G20:U20)/32,"") -> 0.90625 | Y20: =IF(X20="","",IF(X20>=80%,"Certificado","No certificado")) -> Certificado | Z20: 4.5 | AA20: NP | AB20: 4.5 | AC20: =IF(B20="","",IF(AND(X20>=0.8,AB20>=3),"Aprobado","No aprobado")) -> Aprobado | AD20: 5 | AE20: 5 | AF20: 5 | AG20: 5 | AH20: 5 | AI20: 5 | AJ20: 5 | AK20: 5 | AL20: 5 | AM20: 5 | AN20: 5 | AO20: 5 | AP20: 5 | AQ20: 5 | AR20: 5 | AS20: 5 | AT20: 5 | AU20: 5 | AV20: 5 | AW20: 5 | AX20: 5 | AY20: 5 | AZ20: 5 | BA20: 5 | BB20: 5 | BC20: manejo de procesos disciplinarios | BD20: ninguna | BE20: tecnologia y administracion publica | BF20: SI | BG20: 5 | BH20: =AVERAGE(AD20:BG20) -> 5
A21: 9 | B21: Heidi Patricia Parra Chavarro | C21: 52455010 | D21: Planta | E21: Dirección de Otras Prestaciones | F21: =_xlfn.XLOOKUP(C21,[1]Hoja1!$B:$B,[1]Hoja1!$F:$F) -> GESTOR DE OPERACIONES | G21: 3 | V21: =IF(B21<>"",SUM(G21:U21),"") -> 3 | W21: =IF(B21<>"",COUNTA(G21:U21),"") -> 15 | X21: =IF(B21<>"",SUM(G21:U21)/32,"") -> 0.09375 | Y21: =IF(X21="","",IF(X21>=80%,"Certificado","No certificado")) -> No certificado | Z21: NP | AA21: NP | AB21: 0 | AC21: =IF(B21="","",IF(AND(X21>=0.8,AB21>=3),"Aprobado","No aprobado")) -> No aprobado
A22: 10 | B22: Karen Ginnethe González Sierra | C22: 1030640231 | D22: Planta | E22: Dirección Administrativa y Financiera | F22: =_xlfn.XLOOKUP(C22,[1]Hoja1!$B:$B,[1]Hoja1!$F:$F) -> GESTOR DE OPERACIONES | G22: 3 | H22: 2 | I22: 2 | J22: 2 | K22: 2 | L22: 2 | N22: 2 | O22: 2 | P22: 2 | Q22: 2 | R22: 2 | S22: 2 | T22: 2 | V22: =IF(B22<>"",SUM(G22:U22),"") -> 27 | W22: =IF(B22<>"",COUNTA(G22:U22),"") -> 15 | X22: =IF(B22<>"",SUM(G22:U22)/32,"") -> 0.84375 | Y22: =IF(X22="","",IF(X22>=80%,"Certificado","No certificado")) -> Certificado | Z22: 4 | AA22: 4 | AB22: 4 | AC22: =IF(B22="","",IF(AND(X22>=0.8,AB22>=3),"Aprobado","No aprobado")) -> Aprobado | AD22: 5 | AE22: 5 | AF22: 5 | AG22: 5 | AH22: 5 | AI22: 5 | AJ22: 5 | AK22: 5 | AL22: 5 | AM22: 5 | AN22: 5 | AO22: 5 | AP22: 5 | AQ22: 5 | AR22: 5 | AS22: 5 | AT22: 5 | AU22: 5 | AV22: 5 | AW22: 5 | AX22: 5 | AY22: 5 | AZ22: 5 | BA22: 5 | BB22: 5 | BC22: N/A | BD22: Tener mas tiempo para poder revisar mas a fondo todo lo visto | BE22: Seguir mirando la Gestión Pública que es muy amplia | BF22: SI | BG22: 5 | BH22: =AVERAGE(AD22:BG22) -> 5
A23: 11 | B23: Lorena Fabiola Amézquita Becerra | C23: 46458408 | D23: Planta | E23: Dirección de Otras Prestaciones | F23: =_xlfn.XLOOKUP(C23,[1]Hoja1!$B:$B,[1]Hoja1!$F:$F) -> GESTOR DE OPERACIONES | G23: 3 | H23: 2 | I23: 2 | J23: 2 | L23: 2 | M23: 2 | N23: 2 | O23: 2 | P23: 2 | Q23: 2 | R23: 2 | S23: 2 | T23: 2 | V23: =IF(B23<>"",SUM(G23:U23),"") -> 27 | W23: =IF(B23<>"",COUNTA(G23:U23),"") -> 15 | X23: =IF(B23<>"",SUM(G23:U23)/32,"") -> 0.84375 | Y23: =IF(X23="","",IF(X23>=80%,"Certificado","No certificado")) -> Certificado | Z23: 4 | AA23: 4 | AB23: 4 | AC23: =IF(B23="","",IF(AND(X23>=0.8,AB23>=3),"Aprobado","No aprobado")) -> Aprobado | AD23: 5 | AE23: 5 | AF23: 5 | AG23: 5 | AH23: 5 | AI23: 5 | AJ23: 5 | AK23: 5 | AL23: 5 | AM23: 5 | AN23: 5 | AO23: 5 | AP23: 5 | AQ23: 5 | AR23: 5 | AS23: 5 | AT23: 5 | AU23: 5 | AV23: 5 | AW23: 5 | AX23: 5 | AY23: 5 | AZ23: 5 | BA23: 5 | BB23: 5 | BC23: Ninguno | BD23: Ninguna | BE23: Ninguna | BF23: SI | BG23: 5 | BH23: =AVERAGE(AD23:BG23) -> 5
A24: 12 | B24: María Claudia López Calle | C24: 43016375 | D24: Planta | E24: Dirección Administrativa y Financiera | F24: =_xlfn.XLOOKUP(C24,[1]Hoja1!$B:$B,[1]Hoja1!$F:$F) -> GESTOR DE OPERACIONES | G24: 3 | H24: 2 | I24: 2 | J24: 2 | K24: 2 | L24: 2 | M24: 2 | N24: 2 | O24: 2 | P24: 2 | Q24: 2 | R24: 2 | S24: 2 | T24: 2 | U24: 3 | V24: =IF(B24<>"",SUM(G24:U24),"") -> 32 | W24: =IF(B24<>"",COUNTA(G24:U24),"") -> 15 | X24: =IF(B24<>"",SUM(G24:U24)/32,"") -> 1 | Y24: =IF(X24="","",IF(X24>=80%,"Certificado","No certificado")) -> Certificado | Z24: 4 | AA24: NP | AB24: 4 | AC24: =IF(B24="","",IF(AND(X24>=0.8,AB24>=3),"Aprobado","No aprobado")) -> Aprobado | AD24: 5 | AE24: 5 | AF24: 5 | AG24: 5 | AH24: 5 | AI24: 5 | AJ24: 4 | AK24: 4 | AL24: 3 | AM24: 4 | AN24: 4 | AO24: 4 | AP24: 5 | AQ24: 5 | AR24: 5 | AS24: 5 | AT24: 5 | AU24: 4 | AV24: 5 | AW24: 5 | AX24: 5 | AY24: 5 | AZ24: 5 | BA24: 5 | BB24: 5 | BC24: Concientizar a mas servidores públicos, asesores, directores, mas del alto mando, quienes son los ordenadores del gasto. sobre la transparencia y gestión de las entidades. | BD24: Dictar el curso de acuerdo a lo anterior dicho | BE24: Mas temas jurídicos | BF24: SI | BG24: 4 | BH24: =AVERAGE(AD24:BG24) -> 4.6538462
A25: 13 | B25: Martha Roció Montoya Sarmiento | C25: 52318058 | D25: Planta | E25: Dirección De Gestión De Tecnologías De Información Y Comunicaciones | F25: =_xlfn.XLOOKUP(C25,[1]Hoja1!$B:$B,[1]Hoja1!$F:$F) -> AUXILIAR ADMINISTRATIVO | V25: =IF(B25<>"",SUM(G25:U25),"") -> 0 | W25: =IF(B25<>"",COUNTA(G25:U25),"") -> 15 | X25: =IF(B25<>"",SUM(G25:U25)/32,"") -> 0 | Y25: =IF(X25="","",IF(X25>=80%,"Certificado","No certificado")) -> No certificado | Z25: NP | AA25: NP | AB25: 0 | AC25: =IF(B25="","",IF(AND(X25>=0.8,AB25>=3),"Aprobado","No aprobado")) -> No aprobado
A26: 14 | B26: Mayury Vanegas González | C26: 52315691 | D26: Planta | E26: Subdirección de Liquidaciones del Aseguramiento | F26: =_xlfn.XLOOKUP(C26,[1]Hoja1!$B:$B,[1]Hoja1!$F:$F) -> GESTOR DE OPERACIONES | H26: 2 | I26: 2 | J26: 2 | K26: 2 | L26: 2 | M26: 2 | N26: 2 | O26: 2 | P26: 2 | Q26: 2 | R26: 2 | S26: 2 | T26: 2 | U26: 3 | V26: =IF(B26<>"",SUM(G26:U26),"") -> 29 | W26: =IF(B26<>"",COUNTA(G26:U26),"") -> 15 | X26: =IF(B26<>"",SUM(G26:U26)/32,"") -> 0.90625 | Y26: =IF(X26="","",IF(X26>=80%,"Certificado","No certificado")) -> Certificado | Z26: 4 | AA26: 4 | AB26: 4 | AC26: =IF(B26="","",IF(AND(X26>=0.8,AB26>=3),"Aprobado","No aprobado")) -> Aprobado | AD26: 5 | AE26: 5 | AF26: 5 | AG26: 5 | AH26: 5 | AI26: 5 | AJ26: 5 | AK26: 5 | AL26: 5 | AM26: 5 | AN26: 5 | AO26: 5 | AP26: 5 | AQ26: 5 | AR26: 5 | AS26: 5 | AT26: 5 | AU26: 5 | AV26: 5 | AW26: 5 | AX26: 5 | AY26: 5 | AZ26: 5 | BA26: 5 | BB26: 5 | BC26: mpig | BD26: retirar la metodologia de puntos, me parece q incentivar la participación | BE26: sistemas | BF26: SI | BG26: 5 | BH26: =AVERAGE(AD26:BG26) -> 5
A27: 15 | B27: Miller Alexander Reina Escobar | C27: 70663332 | D27: Planta | E27: Dirección de Otras Prestaciones | F27: =_xlfn.XLOOKUP(C27,[1]Hoja1!$B:$B,[1]Hoja1!$F:$F) -> GESTOR DE OPERACIONES | G27: 3 | H27: 2 | I27: 2 | J27: 2 | K27: 2 | L27: 2 | M27: 2 | N27: 2 | O27: 2 | P27: 2 | Q27: 2 | R27: 2 | S27: 2 | T27: 2 | U27: 3 | V27: =IF(B27<>"",SUM(G27:U27),"") -> 32 | W27: =IF(B27<>"",COUNTA(G27:U27),"") -> 15 | X27: =IF(B27<>"",SUM(G27:U27)/32,"") -> 1 | Y27: =IF(X27="","",IF(X27>=80%,"Certificado","No certificado")) -> Certificado | Z27: 3.5 | AA27: 4 | AB27: 4 | AC27: =IF(B27="","",IF(AND(X27>=0.8,AB27>=3),"Aprobado","No aprobado")) -> Aprobado | AD27: 5 | AE27: 5 | AF27: 4 | AG27: 4 | AH27: 5 | AI27: 5 | AJ27: 4 | AK27: 4 | AL27: 3 | AM27: 4 | AN27: 4 | AO27: 4 | AP27: 5 | AQ27: 5 | AR27: 5 | AS27: 5 | AT27: 5 | AU27: 5 | AV27: 5 | AW27: 5 | AX27: 5 | AY27: 5 | AZ27: 5 | BA27: 5 | BB27: 5 | BC27: n/a | BD27: n/a | BE27: Inteligencia artificial, analisis de datos y supervisión contractual del estado | BF27: SI | BG27: 5 | BH27: =AVERAGE(AD27:BG27) -> 4.6538462
A28: 16 | B28: Nancy Esperanza Villamil Cifuentes | C28: 52454760 | D28: Planta | E28: Oficina Asesora de Planeación y Control de Riesgos | F28: =_xlfn.XLOOKUP(C28,[1]Hoja1!$B:$B,[1]Hoja1!$F:$F) -> GESTOR DE OPERACIONES | G28: 3 | H28: 2 | I28: 2 | J28: 2 | K28: 2 | L28: 2 | M28: 2 | N28: 2 | O28: 2 | P28: 2 | Q28: 2 | R28: 2 | S28: 2 | T28: 2 | U28: 3 | V28: =IF(B28<>"",SUM(G28:U28),"") -> 32 | W28: =IF(B28<>"",COUNTA(G28:U28),"") -> 15 | X28: =IF(B28<>"",SUM(G28:U28)/32,"") -> 1 | Y28: =IF(X28="","",IF(X28>=80%,"Certificado","No certificado")) -> Certificado | Z28: 4.5 | AA28: 4 | AB28: 4.5 | AC28: =IF(B28="","",IF(AND(X28>=0.8,AB28>=3),"Aprobado","No aprobado")) -> Aprobado | AD28: 5 | AE28: 5 | AF28: 5 | AG28: 5 | AH28: 5 | AI28: 5 | AJ28: 5 | AK28: 5 | AL28: 5 | AM28: 5 | AN28: 5 | AO28: 5 | AP28: 5 | AQ28: 5 | AR28: 5 | AS28: 5 | AT28: 5 | AU28: 5 | AV28: 5 | AW28: 5 | AX28: 5 | AY28: 5 | AZ28: 5 | BA28: 5 | BB28: 5 | BC28: Ampliación en la Normatividad sobre el tema de corrupción | BD28: Ninguna, la metodología utilizada es muy buena sin embargo la intensidad horaria debería ser más amplia. | BE28: Bases de datos, atención al cuidadano, comunicación asertiva, Mipg | BF28: SI | BG28: 5 | BH28: =AVERAGE(AD28:BG28) -> 5
A29: 17 | B29: Nathaly Constanza Alvarado Núñez | C29: 1015415271 | D29: Planta | E29: Oficina Asesora Jurídica | F29: =_xlfn.XLOOKUP(C29,[1]Hoja1!$B:$B,[1]Hoja1!$F:$F) -> GESTOR DE OPERACIONES | G29: 3 | H29: 2 | I29: 2 | J29: 2 | K29: 2 | L29: 2 | M29: 2 | N29: 2 | O29: 2 | P29: 2 | Q29: 2 | R29: 2 | S29: 2 | T29: 2 | U29: 3 | V29: =IF(B29<>"",SUM(G29:U29),"") -> 32 | W29: =IF(B29<>"",COUNTA(G29:U29),"") -> 15 | X29: =IF(B29<>"",SUM(G29:U29)/32,"") -> 1 | Y29: =IF(X29="","",IF(X29>=80%,"Certificado","No certificado")) -> Certificado | Z29: 3.5 | AA29: 3.5 | AB29: 4.5 | AC29: =IF(B29="","",IF(AND(X29>=0.8,AB29>=3),"Aprobado","No aprobado")) -> Aprobado | AD29: 5 | AE29: 5 | AF29: 5 | AG29: 5 | AH29: 5 | AI29: 5 | AJ29: 4 | AK29: 4 | AL29: 4 | AM29: 4 | AN29: 4 | AO29: 4 | AP29: 5 | AQ29: 5 | AR29: 5 | AS29: 5 | AT29: 5 | AU29: 5 | AV29: 5 | AW29: 5 | AX29: 5 | AY29: 5 | AZ29: 5 | BA29: 5 | BB29: 5 | BC29: el tema de la UIAF | BD29: fueron muy completas | BE29: sobre la gestión de conocimiento | BF29: SI | BG29: 5 | BH29: =AVERAGE(AD29:BG29) -> 4.7692308
A30: 18 | B30: Teodolinda Sánchez Delgado | C30: 28977244 | D30: Planta | E30: Oficina de Control Interno | F30: =_xlfn.XLOOKUP(C30,[1]Hoja1!$B:$B,[1]Hoja1!$F:$F) -> GESTOR DE OPERACIONES | G30: 3 | H30: 2 | I30: 2 | J30: 2 | K30: 2 | L30: 2 | M30: 2 | N30: 2 | O30: 2 | P30: 2 | Q30: 2 | R30: 2 | S30: 2 | T30: 2 | V30: =IF(B30<>"",SUM(G30:U30),"") -> 29 | W30: =IF(B30<>"",COUNTA(G30:U30),"") -> 15 | X30: =IF(B30<>"",SUM(G30:U30)/32,"") -> 0.90625 | Y30: =IF(X30="","",IF(X30>=80%,"Certificado","No certificado")) -> Certificado | Z30: 4 | AA30: 3.5 | AB30: 4 | AC30: =IF(B30="","",IF(AND(X30>=0.8,AB30>=3),"Aprobado","No aprobado")) -> Aprobado | AD30: 5 | AE30: 5 | AF30: 5 | AG30: 5 | AH30: 5 | AI30: 5 | AJ30: 4 | AK30: 4 | AL30: 4 | AM30: 4 | AN30: 4 | AO30: 4 | AP30: 5 | AQ30: 5 | AR30: 5 | AS30: 5 | AT30: 5 | AU30: 5 | AV30: 5 | AW30: 5 | AX30: 5 | AY30: 5 | AZ30: 5 | BA30: 5 | BB30: 5 | BC30: Power be | BD30: N/A | BE30: Bases de datos | BF30: SI | BG30: 5 | BH30: =AVERAGE(AD30:BG30) -> 4.7692308
A31: 19 | B31: Yuly Andrea Gómez Gutiérrez | C31: 52528416 | D31: Planta | E31: Dirección Administrativa y Financiera | F31: =_xlfn.XLOOKUP(C31,[1]Hoja1!$B:$B,[1]Hoja1!$F:$F) -> GESTOR DE OPERACIONES | G31: 3 | H31: 2 | I31: 2 | J31: 2 | K31: 2 | L31: 2 | M31: 2 | N31: 2 | O31: 2 | P31: 2 | Q31: 2 | R31: 2 | T31: 2 | V31: =IF(B31<>"",SUM(G31:U31),"") -> 27 | W31: =IF(B31<>"",COUNTA(G31:U31),"") -> 15 | X31: =IF(B31<>"",SUM(G31:U31)/32,"") -> 0.84375 | Y31: =IF(X31="","",IF(X31>=80%,"Certificado","No certificado")) -> Certificado | Z31: 4 | AA31: NP | AB31: 4 | AC31: =IF(B31="","",IF(AND(X31>=0.8,AB31>=3),"Aprobado","No aprobado")) -> Aprobado | AD31: 5 | AE31: 5 | AF31: 5 | AG31: 5 | AH31: 5 | AI31: 5 | AJ31: 5 | AK31: 5 | AL31: 5 | AM31: 5 | AN31: 5 | AO31: 5 | AP31: 5 | AQ31: 5 | AR31: 5 | AS31: 5 | AT31: 5 | AU31: 5 | AV31: 5 | AW31: 5 | AX31: 5 | AY31: 5 | AZ31: 5 | BA31: 5 | BB31: 5 | BC31: NA | BD31: NA | BE31: PRESUPUETSO | BF31: SI | BG31: 5 | BH31: =AVERAGE(AD31:BG31) -> 5
A32: Observaciones:

Sheet 5 - Atención diferencial
A1: UNIDAD DE EDUCACIÓN CONTINUA FACULTAD DE INGENIERÍA | W1: VERSIÓN 1.0
W3: PÁGINA 1 DE 1
A5: FACULTAD INGENIERÍA UNAL
A6: PROCESO: DESARROLLO DE LAS MODALIDADES DE EXTENSIÓN
A7: NOMBRE DEL CURSO, DIPLOMADO O PROYECTO
A8: CURSO "ATENCIÓN DIFERENCIAL Y COMUNICACIÓN EFECTIVA"
A9: NOMBRE DEL PROFESOR | E9: ='Formato Cronograma'!F8 -> Olga Lucía Quintero Sierra | G9: N° S.PRESENCIALES(SP) | O9: N° S.VIRTUALES SINCRÓNICAS(VS) | U9: NOMBRE DEL MONITOR | Y9: DANIEL FELIPE CRUZ SAENZ
A10: FECHA DE INICIO | C10: ='Formato Cronograma'!K8 -> 46097 | D10: FECHA DE FIN | F10: ='Formato Cronograma'!L8 -> 46150 | G10: 2 | O10: 12 | U10: HORAS DEL CURSO | W10: 32 | Y10: CÓDIGO HERMES | AC10: ENCUESTA
A11: INFORMACIÓN DEL ESTUDIANTE | G11: SESIONES | U11: ASISTENCIA | Y11: NOTAS | AC11: ENCUESTA - DOCENTE | AI11: ENCUESTA - MONITOR | AL11: ENCUESTA - LOGÍSTICA | AV11: ENCUESTA - PREGUNTAS ABIERTAS | BA11: TOTAL
A12: NO | B12: NOMBRE Y APELLIDOS | C12: DOCUMENTO | D12: TIPO DE VINCULACIÓN CON LA ENTIDAD | E12: ÁREA A LA QUE PERTENECE | F12: NOMBRE DEL CARGO | G12: 1 | H12: 2 | I12: 3 | J12: 4 | K12: 5 | L12: 6 | M12: 7 | N12: 8 | O12: 9 | P12: 10 | Q12: 11 | R12: 12 | S12: 13 | T12: 14 | U12: HORAS ACUMULADAS | V12: SESIONES ASISTIDAS | W12: % ASISTENCIA | X12: ¿CUMPLE ASISTENCIA? | Y12: PRE | Z12: POST | AA12: FINAL | AB12: APROBACIÓN | AC12: 1,1 El cumplimiento de los objetivos y desarrollo del contenido de la actividad fue | AD12: 1,2 Actualización en el área | AE12: 1,3 Capacidad para comunicar ideas | AF12: 1,4 Pertinencia de la metodología empleada | AG12: 1,5 Cumplimiento de los horarios previstos en el cronograma de la actividad | AH12: 1,6 Conocimiento y dominio de los temas | AI12: 2,1 Apoyo al conferencista y asistentes en las tareas previstas en la actividad | AJ12: 2,2 Acompañamiento en cada una de las sesiones de la actividad | AK12: 2,3 Disposición y actitud frente a los asistentes | AL12: 3,1 Contenido del material suministrado | AM12: 3,2 Presentación del material suministrado | AN12: 3,3 Atención de refrigerios | AO12: 3,4 Instalaciones Físicas | AP12: 3,5 Ayudas audiovisuales | AQ12: 3,6 Atención en el proceso de inscripción | AR12: 3,7 Disponibilidad del aula virtual | AS12: 3,8 Contacto con el docente | AT12: 3,9 Pertinencia del material dispuesto en la plataforma | AU12: 3,10 Manejo de las herramientas digitales | AV12: 4,1 ¿Qué temas considera necesarios profundizar en este actividad? | AW12: 4,2 ¿Qué recomendaciones haría para mejorar las actividades? | AX12: 4,3 ¿En qué áreas desearía obtener información y/o actualización a través de las actividades de Educación Continua y Permanente? | AY12: 4,4 ¿Asistiría a otra actividad programada por nosotros? | AZ12: 4,5 ¿La actividad fue satisfactoria? | BA12: Promedio
A13: 1 | B13: Carlos Felipe Rodríguez Ordoñez | C13: 79943655 | D13: Planta | E13: Dirección De Gestión De Tecnologías De Información Y Comunicaciones | F13: Gestor De Operaciones | U13: =IF(B13<>"",SUM(G13:T13),"") -> 0 | V13: =IF(B13<>"",COUNTA(G13:T13),"") -> 0 | W13: =IF(B13<>"",SUM(G13:T13)/32,"") -> 0 | X13: =IF(W13="","",IF(W13>=80%,"Certificado","No certificado")) -> No certificado | AB13: =IF(B13="","",IF(AND(W13>=0.8,AA13>=3),"Aprobado","No aprobado")) -> No aprobado
A14: 2 | B14: Herber Smith Romero Martínez | C14: 79893474 | D14: Planta | E14: Dirección De Liquidaciones Y Garantías | F14: Gestor De Operaciones | G14: 3 | H14: 2 | I14: 2 | J14: 2 | K14: 2 | L14: 2 | M14: 2 | N14: 2 | O14: 2 | P14: 2 | Q14: 2 | R14: 2 | S14: 2 | T14: 5 | U14: =IF(B14<>"",SUM(G14:T14),"") -> 32 | V14: =IF(B14<>"",COUNTA(G14:T14),"") -> 14 | W14: =IF(B14<>"",SUM(G14:T14)/32,"") -> 1 | X14: =IF(W14="","",IF(W14>=80%,"Certificado","No certificado")) -> Certificado | Y14: 5 | Z14: 4 | AA14: 4.7 | AB14: =IF(B14="","",IF(AND(W14>=0.8,AA14>=3),"Aprobado","No aprobado")) -> Aprobado | AC14: 5 | AD14: 5 | AE14: 5 | AF14: 5 | AG14: 5 | AH14: 5 | AI14: 5 | AJ14: 5 | AK14: 5 | AL14: 5 | AM14: 5 | AN14: 5 | AO14: 5 | AP14: 5 | AQ14: 5 | AR14: 5 | AS14: 5 | AT14: 5 | AU14: 5 | AV14: se pudieran profundizar un poco más los temas en algunos casos el tiempo se queda corto | AW14: en este curso un poco mas de intensidad horaria | AX14: en atención al cliente | AY14: SI | AZ14: 5 | BA14: =AVERAGE(Tabla_AtnDiferencial[[#This Row],[1,1 El cumplimiento de los objetivos y desarrollo del contenido de la actividad fue]:[4,5 ¿La actividad fue satisfactoria?]]) -> 5
A15: 3 | B15: Kris Jeniffer Vargas Reyes | C15: 53121904 | D15: Planta | E15: Subdirección De Liquidaciones Del Aseguramiento | F15: Gestor De Operaciones | G15: 3 | H15: 2 | I15: 2 | J15: 2 | K15: 2 | L15: 2 | M15: 2 | N15: 2 | O15: 2 | P15: 2 | Q15: 2 | R15: 2 | S15: 2 | T15: 5 | U15: =IF(B15<>"",SUM(G15:T15),"") -> 32 | V15: =IF(B15<>"",COUNTA(G15:T15),"") -> 14 | W15: =IF(B15<>"",SUM(G15:T15)/32,"") -> 1 | X15: =IF(W15="","",IF(W15>=80%,"Certificado","No certificado")) -> Certificado | Y15: 3 | Z15: 5 | AA15: 4.7 | AB15: =IF(B15="","",IF(AND(W15>=0.8,AA15>=3),"Aprobado","No aprobado")) -> Aprobado | AC15: 5 | AD15: 5 | AE15: 5 | AF15: 4 | AG15: 4 | AH15: 5 | AI15: 5 | AJ15: 5 | AK15: 5 | AL15: 5 | AM15: 5 | AN15: 4 | AO15: 5 | AP15: 4 | AQ15: 4 | AR15: 5 | AS15: 5 | AT15: 5 | AU15: 5 | AV15: La formación debería tener mayor frecuencia, aporta mucho al desarrollo personal y esto impacta en el ámbito laboral. | AW15: La presencialidad debería aumentarse para poder tener mayor participación grupal. Estar en la oficina distrae y sigue siendo un reto disponer tiempo completo para estas actividades. | AX15: Desarrollo Humano y Herramientas para mejorar las relaciones interpersonales. | AY15: SI | AZ15: 5 | BA15: =AVERAGE(Tabla_AtnDiferencial[[#This Row],[1,1 El cumplimiento de los objetivos y desarrollo del contenido de la actividad fue]:[4,5 ¿La actividad fue satisfactoria?]]) -> 4.75
A16: 4 | B16: Lizeth Julieth Gordillo Góngora | C16: 1136882430 | D16: Planta | E16: Dirección Administrativa Y Financiera | F16: Técnico Administrativo | G16: 3 | H16: 2 | J16: 2 | K16: 2 | L16: 2 | M16: 2 | O16: 2 | P16: 2 | Q16: 2 | S16: 2 | T16: 5 | U16: =IF(B16<>"",SUM(G16:T16),"") -> 26 | V16: =IF(B16<>"",COUNTA(G16:T16),"") -> 11 | W16: =IF(B16<>"",SUM(G16:T16)/32,"") -> 0.8125 | X16: =IF(W16="","",IF(W16>=80%,"Certificado","No certificado")) -> Certificado | AA16: 4.4 | AB16: =IF(B16="","",IF(AND(W16>=0.8,AA16>=3),"Aprobado","No aprobado")) -> Aprobado
A17: 5 | B17: Luis Alejandro Garzón Ruiz | C17: 79739611 | D17: Planta | E17: Dirección De Gestión De Tecnologías De Información Y Comunicaciones | F17: Gestor De Operaciones | G17: 3 | H17: 2 | I17: 2 | J17: 2 | K17: 2 | L17: 2 | M17: 2 | N17: 2 | O17: 2 | P17: 2 | Q17: 2 | R17: 2 | T17: 5 | U17: =IF(B17<>"",SUM(G17:T17),"") -> 30 | V17: =IF(B17<>"",COUNTA(G17:T17),"") -> 13 | W17: =IF(B17<>"",SUM(G17:T17)/32,"") -> 0.9375 | X17: =IF(W17="","",IF(W17>=80%,"Certificado","No certificado")) -> Certificado | Z17: 5 | AA17: 4.7 | AB17: =IF(B17="","",IF(AND(W17>=0.8,AA17>=3),"Aprobado","No aprobado")) -> Aprobado | AC17: 5 | AD17: 5 | AE17: 5 | AF17: 5 | AG17: 5 | AH17: 5 | AI17: 5 | AJ17: 5 | AK17: 5 | AL17: 5 | AM17: 5 | AN17: 5 | AO17: 4 | AP17: 4 | AQ17: 5 | AR17: 5 | AS17: 5 | AT17: 5 | AU17: 4 | AV17: Ninguno, el tema fue satisfactorio | AW17: ninguna, esta bien estructurado | AX17: Avances de nuevas tecnologías de TI y que sean aplicables a la ADRES | AY17: SI | AZ17: 5 | BA17: =AVERAGE(Tabla_AtnDiferencial[[#This Row],[1,1 El cumplimiento de los objetivos y desarrollo del contenido de la actividad fue]:[4,5 ¿La actividad fue satisfactoria?]]) -> 4.85
A18: 6 | B18: Mercy González Villarraga | C18: 52098883 | D18: Planta | E18: Dirección Administrativa Y Financiera | F18: Técnico Administrativo | G18: 3 | H18: 2 | I18: 2 | J18: 2 | K18: 2 | L18: 2 | M18: 2 | N18: 2 | O18: 2 | P18: 2 | Q18: 2 | R18: 2 | S18: 2 | T18: 5 | U18: =IF(B18<>"",SUM(G18:T18),"") -> 32 | V18: =IF(B18<>"",COUNTA(G18:T18),"") -> 14 | W18: =IF(B18<>"",SUM(G18:T18)/32,"") -> 1 | X18: =IF(W18="","",IF(W18>=80%,"Certificado","No certificado")) -> Certificado | Y18: 2 | AA18: 4.7 | AB18: =IF(B18="","",IF(AND(W18>=0.8,AA18>=3),"Aprobado","No aprobado")) -> Aprobado | AC18: 5 | AD18: 5 | AE18: 5 | AF18: 5 | AG18: 5 | AH18: 5 | AI18: 5 | AJ18: 5 | AK18: 5 | AL18: 5 | AM18: 5 | AN18: 5 | AO18: 5 | AP18: 5 | AQ18: 5 | AR18: 5 | AS18: 5 | AT18: 5 | AU18: 5 | AV18: Identificación de barreras en la atención (culturales, emocionales, tecnológicas) y formas de superarlas. | AW18: Incluir dinámicas prácticas para simular situaciones reales de atención y comunicación. | AX18: Atención al cliente y servicio al usuario con enfoque diferencial. | AY18: SI | AZ18: 5 | BA18: =AVERAGE(Tabla_AtnDiferencial[[#This Row],[1,1 El cumplimiento de los objetivos y desarrollo del contenido de la actividad fue]:[4,5 ¿La actividad fue satisfactoria?]]) -> 5
A19: 7 | B19: Miller Alexander Reina Escobar | C19: 70663332 | D19: Planta | E19: Dirección De Otras Prestaciones | F19: Gestor De Operaciones | G19: 3 | H19: 2 | I19: 2 | J19: 2 | K19: 2 | L19: 2 | M19: 2 | N19: 2 | O19: 2 | P19: 2 | Q19: 2 | R19: 2 | S19: 2 | T19: 5 | U19: =IF(B19<>"",SUM(G19:T19),"") -> 32 | V19: =IF(B19<>"",COUNTA(G19:T19),"") -> 14 | W19: =IF(B19<>"",SUM(G19:T19)/32,"") -> 1 | X19: =IF(W19="","",IF(W19>=80%,"Certificado","No certificado")) -> Certificado | Y19: 5 | Z19: 5 | AA19: 4.7 | AB19: =IF(B19="","",IF(AND(W19>=0.8,AA19>=3),"Aprobado","No aprobado")) -> Aprobado | AC19: 5 | AD19: 5 | AE19: 5 | AF19: 5 | AG19: 5 | AH19: 5 | AI19: 5 | AJ19: 5 | AK19: 5 | AL19: 5 | AM19: 5 | AN19: 5 | AO19: 5 | AP19: 5 | AQ19: 5 | AR19: 5 | AS19: 5 | AT19: 5 | AU19: 5 | AV19: N/A | AW19: N/A | AX19: N/A | AY19: SI | AZ19: 5 | BA19: =AVERAGE(Tabla_AtnDiferencial[[#This Row],[1,1 El cumplimiento de los objetivos y desarrollo del contenido de la actividad fue]:[4,5 ¿La actividad fue satisfactoria?]]) -> 5
A20: 8 | B20: Nathaly Constanza Alvarado Núñez | C20: 1015415271 | D20: Planta | E20: Oficina Asesora Jurídica | F20: Gestor De Operaciones | G20: 3 | H20: 2 | I20: 2 | J20: 2 | K20: 2 | L20: 2 | M20: 2 | N20: 2 | O20: 2 | P20: 2 | Q20: 2 | R20: 2 | S20: 2 | T20: 5 | U20: =IF(B20<>"",SUM(G20:T20),"") -> 32 | V20: =IF(B20<>"",COUNTA(G20:T20),"") -> 14 | W20: =IF(B20<>"",SUM(G20:T20)/32,"") -> 1 | X20: =IF(W20="","",IF(W20>=80%,"Certificado","No certificado")) -> Certificado | Y20: 4 | Z20: 5 | AA20: 4.7 | AB20: =IF(B20="","",IF(AND(W20>=0.8,AA20>=3),"Aprobado","No aprobado")) -> Aprobado | AC20: 5 | AD20: 5 | AE20: 5 | AF20: 5 | AG20: 5 | AH20: 5 | AI20: 5 | AJ20: 5 | AK20: 5 | AL20: 5 | AM20: 5 | AN20: 5 | AO20: 5 | AP20: 5 | AQ20: 5 | AR20: 5 | AS20: 5 | AT20: 5 | AU20: 5 | AV20: Un poco más de tiempo para ver el tema ético | AW20: Las actividades estuvieron excelentes y con los tiempos precisos | AX20: Psicología comunicacional | AY20: SI | AZ20: 5 | BA20: =AVERAGE(Tabla_AtnDiferencial[[#This Row],[1,1 El cumplimiento de los objetivos y desarrollo del contenido de la actividad fue]:[4,5 ¿La actividad fue satisfactoria?]]) -> 5
A21: Observaciones:

Sheet 6 - Valor público
A1: UNIDAD DE EDUCACIÓN CONTINUA FACULTAD DE INGENIERÍA | AB1: VERSIÓN 1.0 | AH1: AD13
AH2: 4
AB3: PÁGINA 1 DE 1 | AH3: 5
A5: FACULTAD INGENIERÍA UNAL
A6: PROCESO: DESARROLLO DE LAS MODALIDADES DE EXTENSIÓN
A7: NOMBRE DEL CURSO, DIPLOMADO O PROYECTO
A8: CURSO "Creacion de valor publico y gestion para resultados"
A9: NOMBRE DEL PROFESOR | E9: ='Formato Cronograma'!F9 -> Fredy Céspedes Villa | G9: N° S.PRESENCIALES(SP) | O9: N° S.VIRTUALES SINCRÓNICAS(VS) | Z9: NOMBRE DEL MONITOR | AD9: DANIEL FELIPE CRUZ SAENZ
A10: FECHA DE INICIO | C10: =+'Formato Cronograma'!K9 -> 46230 | D10: FECHA DE FIN | F10: =+'Formato Cronograma'!L9 -> 46279 | G10: 3 | O10: 16 | Z10: HORAS DEL CURSO | AB10: 40 | AD10: CÓDIGO HERMES | AE10: 62740 | AH10: ENCUESTA
A11: INFORMACIÓN DEL ESTUDIANTE | G11: SESIONES | Z11: ASISTENCIA | AD11: NOTAS | AH11: ENCUESTA - DOCENTE | AN11: ENCUESTA - MONITOR | AQ11: ENCUESTA - LOGÍSTICA | BA11: ENCUESTA - PREGUNTAS ABIERTAS | BF11: TOTAL
A12: NO | B12: NOMBRE Y APELLIDOS | C12: DOCUMENTO | D12: TIPO DE VINCULACIÓN CON LA ENTIDAD | E12: ÁREA A LA QUE PERTENECE | F12: NOMBRE DEL CARGO | G12: 1 | H12: 2 | I12: 3 | J12: 4 | K12: 5 | L12: 6 | M12: 7 | N12: 8 | O12: 9 | P12: 10 | Q12: 11 | R12: 12 | S12: 13 | T12: 14 | U12: 15 | V12: 16 | W12: 17 | X12: 18 | Y12: 19 | Z12: HORAS ACUMULADAS | AA12: SESIONES ASISTIDAS | AB12: % ASISTENCIA | AC12: ¿CUMPLE ASISTENCIA? | AD12: PRE | AE12: POST | AF12: FINAL | AG12: APROBACIÓN | AH12: 1,1 El cumplimiento de los objetivos y desarrollo del contenido de la actividad fue | AI12: 1,2 Actualización en el área | AJ12: 1,3 Capacidad para comunicar ideas | AK12: 1,4 Pertinencia de la metodología empleada | AL12: 1,5 Cumplimiento de los horarios previstos en el cronograma de la actividad | AM12: 1,6 Conocimiento y dominio de los temas | AN12: 2,1 Apoyo al conferencista y asistentes en las tareas previstas en la actividad | AO12: 2,2 Acompañamiento en cada una de las sesiones de la actividad | AP12: 2,3 Disposición y actitud frente a los asistentes | AQ12: 3,1 Contenido del material suministrado | AR12: 3,2 Presentación del material suministrado | AS12: 3,3 Atención de refrigerios | AT12: 3,4 Instalaciones Físicas | AU12: 3,5 Ayudas audiovisuales | AV12: 3,6 Atención en el proceso de inscripción | AW12: 3,7 Disponibilidad del aula virtual | AX12: 3,8 Contacto con el docente | AY12: 3,9 Pertinencia del material dispuesto en la plataforma | AZ12: 3,10 Manejo de las herramientas digitales | BA12: 4,1 ¿Qué temas considera necesarios profundizar en este actividad? | BB12: 4,2 ¿Qué recomendaciones haría para mejorar las actividades? | BC12: 4,3 ¿En qué áreas desearía obtener información y/o actualización a través de las actividades de Educación Continua y Permanente? | BD12: 4,4 ¿Asistiría a otra actividad programada por nosotros? | BE12: 4,5 ¿La actividad fue satisfactoria? | BF12: Promedio
A13: 1 | B13: Diana Milena Vargas Caicedo | C13: 53006387 | D13: Planta | E13: Subdirección De Garantías | F13: Gestor De Operaciones | G13: 3 | Z13: =IF(B13<>"",SUM(G13:Y13),"") -> 3 | AA13: =IF(B13<>"",COUNTA(G13:Y13),"") -> 1 | AB13: =IF(B13<>"",SUM(G13:Y13)/$AB$10,"") -> 0.075 | AC13: =IF(AB13="","",IF(AB13>=80%,"Certificado","No certificado")) -> No certificado | AG13: =IF(B13="","",IF(AND(AB13>=0.8,AF13>=3),"Aprobado","No aprobado")) -> No aprobado
A14: 2 | B14: Javier Ernesto Muñoz Grimaldo | C14: 11318850 | D14: Planta | E14: Dirección De Gestión De Tecnologías De Información Y Comunicaciones | F14: Gestor De Operaciones | G14: 3 | Z14: =IF(B14<>"",SUM(G14:Y14),"") -> 3 | AA14: =IF(B14<>"",COUNTA(G14:Y14),"") -> 1 | AB14: =IF(B14<>"",SUM(G14:Y14)/$AB$10,"") -> 0.075 | AC14: =IF(AB14="","",IF(AB14>=80%,"Certificado","No certificado")) -> No certificado | AG14: =IF(B14="","",IF(AND(AB14>=0.8,AF14>=3),"Aprobado","No aprobado")) -> No aprobado
A15: 3 | B15: Juan Carlos Escobar Baquero | C15: 80163431 | D15: Planta | E15: Dirección De Gestión De Tecnologías De Información Y Comunicaciones | F15: Gestor De Operaciones | G15: 3 | Z15: =IF(B15<>"",SUM(G15:Y15),"") -> 3 | AA15: =IF(B15<>"",COUNTA(G15:Y15),"") -> 1 | AB15: =IF(B15<>"",SUM(G15:Y15)/$AB$10,"") -> 0.075 | AC15: =IF(AB15="","",IF(AB15>=80%,"Certificado","No certificado")) -> No certificado | AG15: =IF(B15="","",IF(AND(AB15>=0.8,AF15>=3),"Aprobado","No aprobado")) -> No aprobado
A16: 4 | B16: Luz Marina Alarcón Ramírez | C16: 52230819 | D16: Planta | E16: Dirección Administrativa Y Financiera | F16: Gestor | G16: 3 | Z16: =IF(B16<>"",SUM(G16:Y16),"") -> 3 | AA16: =IF(B16<>"",COUNTA(G16:Y16),"") -> 1 | AB16: =IF(B16<>"",SUM(G16:Y16)/$AB$10,"") -> 0.075 | AC16: =IF(AB16="","",IF(AB16>=80%,"Certificado","No certificado")) -> No certificado | AG16: =IF(B16="","",IF(AND(AB16>=0.8,AF16>=3),"Aprobado","No aprobado")) -> No aprobado
A17: 5 | B17: Nathaly Constanza Alvarado Núñez | C17: 1015415271 | D17: Planta | E17: Oficina Asesora Jurídica | F17: Gestor De Operaciones | Z17: =IF(B17<>"",SUM(G17:Y17),"") -> 0 | AA17: =IF(B17<>"",COUNTA(G17:Y17),"") -> 0 | AB17: =IF(B17<>"",SUM(G17:Y17)/$AB$10,"") -> 0 | AC17: =IF(AB17="","",IF(AB17>=80%,"Certificado","No certificado")) -> No certificado | AG17: =IF(B17="","",IF(AND(AB17>=0.8,AF17>=3),"Aprobado","No aprobado")) -> No aprobado
A18: 6 | B18: Yuly Andrea Gómez Gutiérrez | C18: 52528416 | D18: Planta | E18: Dirección Administrativa Y Financiera | F18: Gestor De Operaciones | Z18: =IF(B18<>"",SUM(G18:Y18),"") -> 0 | AA18: =IF(B18<>"",COUNTA(G18:Y18),"") -> 0 | AB18: =IF(B18<>"",SUM(G18:Y18)/$AB$10,"") -> 0 | AC18: =IF(AB18="","",IF(AB18>=80%,"Certificado","No certificado")) -> No certificado | AG18: =IF(B18="","",IF(AND(AB18>=0.8,AF18>=3),"Aprobado","No aprobado")) -> No aprobado
A19: Observaciones:

Sheet 7 - Bases de datos
A1: UNIDAD DE EDUCACIÓN CONTINUA FACULTAD DE INGENIERÍA | AY1: VERSIÓN 1.0
AY3: PÁGINA 1 DE 1
A5: FACULTAD INGENIERÍA UNAL
A6: PROCESO: DESARROLLO DE LAS MODALIDADES DE EXTENSIÓN
A7: NOMBRE DEL CURSO, DIPLOMADO O PROYECTO
A8: DIPLOMADO "Gestión de bases de datos"
A9: NOMBRE DEL PROFESOR | E9: ='Formato Cronograma'!F10 -> Docente principal: - Robinson Andrés Jaque Pirabán Conferencistas invitados: - Jorge Eliecer Camargo Mendoza | G9: N° S.PRESENCIALES(SP) | AA9: N° S.VIRTUALES SINCRÓNICAS(VS) | AW9: NOMBRE DEL MONITOR | BA9: DANIEL FELIPE CRUZ SAENZ
A10: FECHA DE INICIO | C10: =Tabla_PIC[[#This Row],[Fecha de Inicio]] -> 46232 | D10: FECHA DE FIN | F10: =Tabla_PIC[[#This Row],[Fecha de Terminación]] -> 46353 | G10: 17 | AA10: =42-G10 -> 25 | AW10: HORAS DEL DIPLOMADO | AY10: 100 | BA10: CÓDIGO HERMES
A11: INFORMACIÓN DEL ESTUDIANTE | G11: SESIONES | AW11: ASISTENCIA | BA11: NOTAS
A12: NO | B12: NOMBRE Y APELLIDOS | C12: DOCUMENTO | D12: TIPO DE VINCULACIÓN CON LA ENTIDAD | E12: ÁREA A LA QUE PERTENECE | F12: NOMBRE DEL CARGO | G12: 1 | H12: 2 | I12: 3 | J12: 4 | K12: 5 | L12: 6 | M12: 7 | N12: 8 | O12: 9 | P12: 10 | Q12: 11 | R12: 12 | S12: 13 | T12: 14 | U12: 15 | V12: 16 | W12: 17 | X12: 18 | Y12: 19 | Z12: 20 | AA12: 21 | AB12: 22 | AC12: 23 | AD12: 24 | AE12: 25 | AF12: 26 | AG12: 27 | AH12: 28 | AI12: 29 | AJ12: 30 | AK12: 31 | AL12: 32 | AM12: 33 | AN12: 34 | AO12: 35 | AP12: 36 | AQ12: 37 | AR12: 38 | AS12: 39 | AT12: 40 | AU12: 41 | AV12: 42 | AW12: HORAS ACUMULADAS | AX12: SESIONES ASISTIDAS | AY12: % ASISTENCIA | AZ12: ¿CUMPLE ASISTENCIA? | BA12: PRE | BB12: POST | BC12: FINAL | BD12: APROBACIÓN
A13: 1 | B13: Albert Camilo Rojas Nuñez | C13: 1014203321 | D13: Planta | E13: Dirección Administrativa Y Financiera | F13: Gestor De Operaciones | AW13: =IF(B13<>"",SUM(G13:AV13),"") -> 0 | AX13: =IF(B13<>"",COUNTA(G13:AV13),"") -> 0 | AY13: =IF(B13<>"",SUM(G13:AV13)/100,"") -> 0 | AZ13: =IF(AY13="","",IF(AY13>=80%,"Certificado","No certificado")) -> No certificado | BD13: =IF(B13="","",IF(AND(AY13>=0.8,BC13>=3),"Aprobado","No aprobado")) -> No aprobado
A14: 2 | B14: Andres Zahir Carrillo Trujillo | C14: 1082915789 | D14: Planta | E14: Oficina Asesora Jurídica | F14: Gestor De Operaciones | AW14: =IF(B14<>"",SUM(G14:AV14),"") -> 0 | AX14: =IF(B14<>"",COUNTA(G14:AV14),"") -> 0 | AY14: =IF(B14<>"",SUM(G14:AV14)/100,"") -> 0 | AZ14: =IF(AY14="","",IF(AY14>=80%,"Certificado","No certificado")) -> No certificado | BD14: =IF(B14="","",IF(AND(AY14>=0.8,BC14>=3),"Aprobado","No aprobado")) -> No aprobado
A15: 3 | B15: Camilo Andres Plazas Veloza | C15: 4151998 | D15: Planta | E15: Dirección De Otras Prestaciones | F15: Gestor De Operaciones | AW15: =IF(B15<>"",SUM(G15:AV15),"") -> 0 | AX15: =IF(B15<>"",COUNTA(G15:AV15),"") -> 0 | AY15: =IF(B15<>"",SUM(G15:AV15)/100,"") -> 0 | AZ15: =IF(AY15="","",IF(AY15>=80%,"Certificado","No certificado")) -> No certificado | BD15: =IF(B15="","",IF(AND(AY15>=0.8,BC15>=3),"Aprobado","No aprobado")) -> No aprobado
A16: 4 | B16: Claudia Patricia Sandoval Orozco | C16: 51983216 | D16: Planta | E16: Subdirección De Liquidaciones Del Aseguramiento | F16: Gestor De Operaciones | AW16: =IF(B16<>"",SUM(G16:AV16),"") -> 0 | AX16: =IF(B16<>"",COUNTA(G16:AV16),"") -> 0 | AY16: =IF(B16<>"",SUM(G16:AV16)/100,"") -> 0 | AZ16: =IF(AY16="","",IF(AY16>=80%,"Certificado","No certificado")) -> No certificado | BD16: =IF(B16="","",IF(AND(AY16>=0.8,BC16>=3),"Aprobado","No aprobado")) -> No aprobado
A17: 5 | B17: Deyvin Rojas Quemba | C17: 1069719379 | D17: Planta | E17: Dirección General / Dirección Otras Prestaciones | F17: Auxiliar Administrativo | AW17: =IF(B17<>"",SUM(G17:AV17),"") -> 0 | AX17: =IF(B17<>"",COUNTA(G17:AV17),"") -> 0 | AY17: =IF(B17<>"",SUM(G17:AV17)/100,"") -> 0 | AZ17: =IF(AY17="","",IF(AY17>=80%,"Certificado","No certificado")) -> No certificado | BD17: =IF(B17="","",IF(AND(AY17>=0.8,BC17>=3),"Aprobado","No aprobado")) -> No aprobado
A18: 6 | B18: Diego Ricardo Castillo Bastidas | C18: 1032400575 | D18: Planta | E18: Dirección De Gestión De Tecnologías De Información Y Comunicaciones | F18: Gestor De Operaciones | AW18: =IF(B18<>"",SUM(G18:AV18),"") -> 0 | AX18: =IF(B18<>"",COUNTA(G18:AV18),"") -> 0 | AY18: =IF(B18<>"",SUM(G18:AV18)/100,"") -> 0 | AZ18: =IF(AY18="","",IF(AY18>=80%,"Certificado","No certificado")) -> No certificado | BD18: =IF(B18="","",IF(AND(AY18>=0.8,BC18>=3),"Aprobado","No aprobado")) -> No aprobado
A19: 7 | B19: Heide Lizeth Lamprea Mendez | C19: 52777862 | D19: Planta | E19: Dirección General | F19: Asesor | AW19: =IF(B19<>"",SUM(G19:AV19),"") -> 0 | AX19: =IF(B19<>"",COUNTA(G19:AV19),"") -> 0 | AY19: =IF(B19<>"",SUM(G19:AV19)/100,"") -> 0 | AZ19: =IF(AY19="","",IF(AY19>=80%,"Certificado","No certificado")) -> No certificado | BD19: =IF(B19="","",IF(AND(AY19>=0.8,BC19>=3),"Aprobado","No aprobado")) -> No aprobado
A20: 8 | B20: Juan Pablo Galvis Parra | C20: 80090678 | D20: Planta | E20: Oficina Asesora Jurídica | F20: Gestor De Operaciones | AW20: =IF(B20<>"",SUM(G20:AV20),"") -> 0 | AX20: =IF(B20<>"",COUNTA(G20:AV20),"") -> 0 | AY20: =IF(B20<>"",SUM(G20:AV20)/100,"") -> 0 | AZ20: =IF(AY20="","",IF(AY20>=80%,"Certificado","No certificado")) -> No certificado | BD20: =IF(B20="","",IF(AND(AY20>=0.8,BC20>=3),"Aprobado","No aprobado")) -> No aprobado
A21: 9 | B21: Juan Pablo Saade Forero | C21: 80409100 | D21: Planta | E21: Oficina De Control Interno | F21: Auxiliar Administrativo | AW21: =IF(B21<>"",SUM(G21:AV21),"") -> 0 | AX21: =IF(B21<>"",COUNTA(G21:AV21),"") -> 0 | AY21: =IF(B21<>"",SUM(G21:AV21)/100,"") -> 0 | AZ21: =IF(AY21="","",IF(AY21>=80%,"Certificado","No certificado")) -> No certificado | BD21: =IF(B21="","",IF(AND(AY21>=0.8,BC21>=3),"Aprobado","No aprobado")) -> No aprobado
A22: 10 | B22: Leidy Janneth Luis Cuervo | C22: 53062135 | D22: Planta | E22: Dirección De Otras Prestaciones | F22: Gestor De Operaciones | AW22: =IF(B22<>"",SUM(G22:AV22),"") -> 0 | AX22: =IF(B22<>"",COUNTA(G22:AV22),"") -> 0 | AY22: =IF(B22<>"",SUM(G22:AV22)/100,"") -> 0 | AZ22: =IF(AY22="","",IF(AY22>=80%,"Certificado","No certificado")) -> No certificado | BD22: =IF(B22="","",IF(AND(AY22>=0.8,BC22>=3),"Aprobado","No aprobado")) -> No aprobado
A23: 11 | B23: Marinela Quintero Alzate | C23: 36285447 | D23: Planta | E23: Dirección De Gestión De Tecnologías De Información Y Comunicaciones | F23: Gestor De Operaciones | AW23: =IF(B23<>"",SUM(G23:AV23),"") -> 0 | AX23: =IF(B23<>"",COUNTA(G23:AV23),"") -> 0 | AY23: =IF(B23<>"",SUM(G23:AV23)/100,"") -> 0 | AZ23: =IF(AY23="","",IF(AY23>=80%,"Certificado","No certificado")) -> No certificado | BD23: =IF(B23="","",IF(AND(AY23>=0.8,BC23>=3),"Aprobado","No aprobado")) -> No aprobado
A24: 12 | B24: Monica Leidy Buesaquillo Osorio | C24: 52730780 | D24: Planta | E24: Subdirección De Liquidaciones Del Aseguramiento | F24: Gestor De Operaciones | AW24: =IF(B24<>"",SUM(G24:AV24),"") -> 0 | AX24: =IF(B24<>"",COUNTA(G24:AV24),"") -> 0 | AY24: =IF(B24<>"",SUM(G24:AV24)/100,"") -> 0 | AZ24: =IF(AY24="","",IF(AY24>=80%,"Certificado","No certificado")) -> No certificado | BD24: =IF(B24="","",IF(AND(AY24>=0.8,BC24>=3),"Aprobado","No aprobado")) -> No aprobado
... A27: 15 | B27: Ricardo Cañon Cortes | C27: 80000937 | D27: Planta | E27: Subdirección De Liquidaciones Del Aseguramiento | F27: Gestor De Operaciones | AW27: =IF(B27<>"",SUM(G27:AV27),"") -> 0 | AX27: =IF(B27<>"",COUNTA(G27:AV27),"") -> 0 | AY27: =IF(B27<>"",SUM(G27:AV27)/100,"") -> 0 | AZ27: =IF(AY27="","",IF(AY27>=80%,"Certificado","No certificado")) -> No certificado | BD27: =IF(B27="","",IF(AND(AY27>=0.8,BC27>=3),"Aprobado","No aprobado")) -> No aprobado
A28: Observaciones:

Sheet 8 - Analítica de datos
A1: UNIDAD DE EDUCACIÓN CONTINUA FACULTAD DE INGENIERÍA | AX1: VERSIÓN 1.0
AX3: PÁGINA 1 DE 1
A5: FACULTAD INGENIERÍA UNAL
A6: PROCESO: DESARROLLO DE LAS MODALIDADES DE EXTENSIÓN
A7: NOMBRE DEL CURSO, DIPLOMADO O PROYECTO
A8: DIPLOMADO "INTELIGENCIA ARTIFICIAL (IA) Y MACHINE LEARNING"
A9: NOMBRE DEL PROFESOR | E9: ='Formato Cronograma'!F11 -> Docente principal: - Oscar Julián Perdomo Charry Conferencistas invitados: - Jorge Eliecer Camargo Mendoza - Felipe Restrepo Calle - Fabio Augusto González Osorio - Robinson Andrés Jaque Pirabán - Cesar Pedraza Bonilla | G9: N° S.PRESENCIALES(SP) | AA9: N° S.VIRTUALES SINCRÓNICAS(VS) | AV9: NOMBRE DEL MONITOR | AZ9: DANIEL FELIPE CRUZ SAENZ
A10: FECHA DE INICIO | C10: ='Formato Cronograma'!K11 -> 46092 | D10: FECHA DE FIN | F10: ='Formato Cronograma'!L11 -> 46230 | G10: 16 | AA10: 26 | AV10: HORAS DEL DIPLOMADO | AX10: 100 | AZ10: CÓDIGO HERMES | BA10: 62736 | BD10: ENCUESTA
A11: INFORMACIÓN DEL ESTUDIANTE | G11: SESIONES | AV11: ASISTENCIA | AZ11: NOTAS | BD11: ENCUESTA - DOCENTE PRINCIPAL (OSCAR JULIÁN PERDOMO CHARRY) | BJ11: ENCUESTA - CONFERENCISTA INVITADO (FELIPE RESTREPO CALLE) | BP11: ENCUESTA - CONFERENCISTA INVITADO (JORGE ELIECER CAMARGO MENDOZA) | BV11: ENCUESTA - CONFERENCISTA INVITADO (FABIO AUGUSTO GONZALEZ OSORIO) | CB11: ENCUESTA - CONFERENCISTA INVITADO (CESAR AUGUSTO PEDRAZA BONILLA) | CH11: ENCUESTA - CONFERENCISTA INVITADO (ROBINSON ANDRÉS JAQUE PIRABÁN) | CN11: ENCUESTA - MONITOR | CQ11: ENCUESTA - LOGÍSTICA | DA11: ENCUESTA - PREGUNTAS ABIERTAS | DF11: TOTAL
A12: NO | B12: NOMBRE Y APELLIDOS | C12: DOCUMENTO | D12: TIPO DE VINCULACIÓN CON LA ENTIDAD | E12: ÁREA A LA QUE PERTENECE | F12: NOMBRE DEL CARGO | G12: 1 | H12: 2 | I12: 3 | J12: 4 | K12: 5 | L12: 6 | M12: 7 | N12: 8 | O12: 9 | P12: 10 | Q12: 11 | R12: 12 | S12: 13 | T12: 14 | U12: 15 | V12: 16 | W12: 17 | X12: 18 | Y12: 19 | Z12: 20 | AA12: 21 | AB12: 22 | AC12: 23 | AD12: 24 | AE12: 25 | AF12: 26 | AG12: 27 | AH12: 28 | AI12: 29 | AJ12: 30 | AK12: 31 | AL12: 32 | AM12: 33 | AN12: 34 | AO12: 35 | AP12: 36 | AQ12: 37 | AR12: 38 | AS12: 39 | AT12: 40 | AU12: 41 | AV12: HORAS ACUMULADAS | AW12: SESIONES ASISTIDAS | AX12: % ASISTENCIA | AY12: ¿CUMPLE ASISTENCIA? | AZ12: PRE | BA12: POST | BB12: FINAL | BC12: APROBACIÓN | BD12: 1,1 El cumplimiento de los objetivos y desarrollo del contenido de la actividad fue | BE12: 1,2 Actualización en el área | BF12: 1,3 Capacidad para comunicar ideas | BG12: 1,4 Pertinencia de la metodología empleada | BH12: 1,5 Cumplimiento de los horarios previstos en el cronograma de la actividad | BI12: 1,6 Conocimiento y dominio de los temas | BJ12: 1,1 El cumplimiento de los objetivos y desarrollo del contenido de la actividad fue | BK12: 1,2 Actualización en el área | BL12: 1,3 Capacidad para comunicar ideas | BM12: 1,4 Pertinencia de la metodología empleada | BN12: 1,5 Cumplimiento de los horarios previstos en el cronograma de la actividad | BO12: 1,6 Conocimiento y dominio de los temas | BP12: 1,1 El cumplimiento de los objetivos y desarrollo del contenido de la actividad fue | BQ12: 1,2 Actualización en el área | BR12: 1,3 Capacidad para comunicar ideas | BS12: 1,4 Pertinencia de la metodología empleada | BT12: 1,5 Cumplimiento de los horarios previstos en el cronograma de la actividad | BU12: 1,6 Conocimiento y dominio de los temas | BV12: 1,1 El cumplimiento de los objetivos y desarrollo del contenido de la actividad fue | BW12: 1,2 Actualización en el área | BX12: 1,3 Capacidad para comunicar ideas | BY12: 1,4 Pertinencia de la metodología empleada | BZ12: 1,5 Cumplimiento de los horarios previstos en el cronograma de la actividad | CA12: 1,6 Conocimiento y dominio de los temas | CB12: 1,1 El cumplimiento de los objetivos y desarrollo del contenido de la actividad fue | CC12: 1,2 Actualización en el área | CD12: 1,3 Capacidad para comunicar ideas | CE12: 1,4 Pertinencia de la metodología empleada | CF12: 1,5 Cumplimiento de los horarios previstos en el cronograma de la actividad | CG12: 1,6 Conocimiento y dominio de los temas | CH12: 1,1 El cumplimiento de los objetivos y desarrollo del contenido de la actividad fue | CI12: 1,2 Actualización en el área | CJ12: 1,3 Capacidad para comunicar ideas | CK12: 1,4 Pertinencia de la metodología empleada | CL12: 1,5 Cumplimiento de los horarios previstos en el cronograma de la actividad | CM12: 1,6 Conocimiento y dominio de los temas | CN12: 2,1 Apoyo al conferencista y asistentes en las tareas previstas en la actividad | CO12: 2,2 Acompañamiento en cada una de las sesiones de la actividad | CP12: 2,3 Disposición y actitud frente a los asistentes | CQ12: 3,1 Contenido del material suministrado | CR12: 3,2 Presentación del material suministrado | CS12: 3,3 Atención de refrigerios | CT12: 3,4 Instalaciones Físicas | CU12: 3,5 Ayudas audiovisuales | CV12: 3,6 Atención en el proceso de inscripción | CW12: 3,7 Disponibilidad del aula virtual | CX12: 3,8 Contacto con el docente | CY12: 3,9 Pertinencia del material dispuesto en la plataforma | CZ12: 3,10 Manejo de las herramientas digitales | DA12: 4,1 ¿Qué temas considera necesarios profundizar en este actividad? | DB12: 4,2 ¿Qué recomendaciones haría para mejorar las actividades? | DC12: 4,3 ¿En qué áreas desearía obtener información y/o actualización a través de las actividades de Educación Continua y Permanente? | DD12: 4,4 ¿Asistiría a otra actividad programada por nosotros? | DE12: 4,5 ¿La actividad fue satisfactoria? | DF12: Promedio
A13: 1 | B13: Ana Yaneth Wilches Amaya | C13: 52356252 | D13: Planta | E13: Subdirección De Liquidaciones Del Aseguramiento | F13: Gestor De Operaciones | G13: 2 | H13: 3 | I13: 2 | J13: 3 | K13: 3 | L13: 2 | M13: 2 | N13: 3 | O13: 2 | P13: 2 | Q13: 3.5 | R13: 3.5 | S13: 3 | T13: 2 | U13: 2 | V13: 2 | W13: 2 | X13: 3 | Y13: 2 | Z13: 3 | AA13: 2 | AB13: 3 | AC13: 2 | AD13: 3 | AE13: 2 | AF13: 2 | AG13: 3 | AH13: 2 | AI13: 3 | AJ13: 2 | AK13: 2 | AL13: 2 | AM13: 3 | AN13: 2 | AO13: 3 | AP13: 2 | AQ13: 2 | AR13: 2 | AS13: 3 | AT13: 2 | AU13: 3 | AV13: =IF(B13<>"",SUM(G13:AU13),"") -> 100 | AW13: =IF(B13<>"",COUNTA(G13:AU13),"") -> 41 | AX13: =IF(B13<>"",SUM(G13:AU13)/100,"") -> 1 | AY13: =IF(AX13="","",IF(AX13>=80%,"Certificado","No certificado")) -> Certificado | BC13: =IF(B13="","",IF(AND(AX13>=0.8,BB13>=3),"Aprobado","No aprobado")) -> No aprobado | BD13: 5 | BE13: 5 | BF13: 5 | BG13: 5 | BH13: 5 | BI13: 5 | BJ13: 5 | BK13: 5 | BL13: 5 | BM13: 5 | BN13: 5 | BO13: 5 | BP13: 5 | BQ13: 5 | BR13: 5 | BS13: 5 | BT13: 5 | BU13: 5 | BV13: 5 | BW13: 5 | BX13: 5 | BY13: 5 | BZ13: 5 | CA13: 5 | CB13: 5 | CC13: 5 | CD13: 5 | CE13: 5 | CF13: 5 | CG13: 5 | CH13: 5 | CI13: 5 | CJ13: 5 | CK13: 5 | CL13: 5 | CM13: 5 | CN13: 5 | CO13: 5 | CP13: 5 | CQ13: 5 | CR13: 5 | CS13: 5 | CT13: 5 | CU13: 5 | CV13: 5 | DA13: Me gustaría aprender más sobre criterios de preguntas y análisis de resultados del uso de la inteligencia artificial | DB13: Más clases presenciales | DC13: Idiomas | DD13: SI | DE13: 5 | DF13: =AVERAGE(BD13:DE13) -> 5
A14: 2 | B14: Andrés Zahir Carrillo Trujillo | C14: 1082915789 | D14: Planta | E14: Oficina Asesora Jurídica | F14: Gestor De Operaciones | I14: 2 | J14: 3 | K14: 3 | L14: 2 | M14: 2 | N14: 3 | O14: 2 | P14: 2 | Q14: 3.5 | R14: 3.5 | S14: 3 | T14: 2 | U14: 2 | W14: 2 | X14: 3 | Y14: 2 | Z14: 3 | AA14: 2 | AB14: 3 | AC14: 2 | AD14: 3 | AE14: 2 | AF14: 2 | AG14: 3 | AH14: 2 | AI14: 3 | AJ14: 2 | AK14: 2 | AL14: 2 | AM14: 3 | AN14: 2 | AO14: 3 | AQ14: 2 | AR14: 2 | AS14: 3 | AT14: 2 | AU14: 3 | AV14: =IF(B14<>"",SUM(G14:AU14),"") -> 91 | AW14: =IF(B14<>"",COUNTA(G14:AU14),"") -> 41 | AX14: =IF(B14<>"",SUM(G14:AU14)/100,"") -> 0.91 | AY14: =IF(AX14="","",IF(AX14>=80%,"Certificado","No certificado")) -> Certificado | BC14: =IF(B14="","",IF(AND(AX14>=0.8,BB14>=3),"Aprobado","No aprobado")) -> No aprobado | BD14: 5 | BE14: 5 | BF14: 5 | BG14: 5 | BH14: 5 | BI14: 5 | BJ14: 5 | BK14: 5 | BL14: 5 | BM14: 5 | BN14: 5 | BO14: 5 | BP14: 5 | BQ14: 5 | BR14: 5 | BS14: 5 | BT14: 5 | BU14: 5 | BV14: 5 | BW14: 5 | BX14: 5 | BY14: 5 | BZ14: 5 | CA14: 5 | CB14: 5 | CC14: 5 | CD14: 5 | CE14: 5 | CF14: 5 | CG14: 5 | CH14: 5 | CI14: 5 | CJ14: 5 | CK14: 5 | CL14: 5 | CM14: 5 | CN14: 5 | CO14: 5 | CP14: 5 | CQ14: 5 | CR14: 5 | CS14: 5 | CT14: 5 | CU14: 5 | CV14: 5 | DA14: Hacer las actividades en forma presencial. | DB14: que todas fueran todas de manera presencial | DC14: Ninguna | DD14: SI | DE14: 5 | DF14: =AVERAGE(BD14:DE14) -> 5
A15: 3 | B15: Carlos Felipe Rodríguez Ordoñez | C15: 79943655 | D15: Planta | E15: Dirección De Gestión De Tecnologías De La Información Y Las Comunicaciones | F15: Gestor De Operaciones | G15: 2 | H15: 3 | I15: 2 | AV15: =IF(B15<>"",SUM(G15:AU15),"") -> 7 | AW15: =IF(B15<>"",COUNTA(G15:AU15),"") -> 41 | AX15: =IF(B15<>"",SUM(G15:AU15)/100,"") -> 0.07 | AY15: =IF(AX15="","",IF(AX15>=80%,"Certificado","No certificado")) -> No certificado | BC15: =IF(B15="","",IF(AND(AX15>=0.8,BB15>=3),"Aprobado","No aprobado")) -> No aprobado
A16: 4 | B16: Carolina Patricia Jiménez González | C16: 1024463763 | D16: Planta | E16: Dirección De Gestión De Recursos Financieros De Salud | F16: Gestor De Operaciones | G16: 2 | H16: 3 | I16: 2 | J16: 3 | K16: 3 | L16: 2 | N16: 3 | O16: 2 | P16: 2 | S16: 3 | U16: 2 | V16: 2 | W16: 2 | X16: 3 | Y16: 2 | Z16: 3 | AB16: 3 | AD16: 3 | AE16: 2 | AF16: 2 | AG16: 3 | AH16: 2 | AI16: 3 | AJ16: 2 | AK16: 2 | AL16: 2 | AN16: 2 | AO16: 3 | AP16: 2 | AQ16: 2 | AR16: 2 | AS16: 3 | AU16: 3 | AV16: =IF(B16<>"",SUM(G16:AU16),"") -> 80 | AW16: =IF(B16<>"",COUNTA(G16:AU16),"") -> 41 | AX16: =IF(B16<>"",SUM(G16:AU16)/100,"") -> 0.8 | AY16: =IF(AX16="","",IF(AX16>=80%,"Certificado","No certificado")) -> Certificado | BC16: =IF(B16="","",IF(AND(AX16>=0.8,BB16>=3),"Aprobado","No aprobado")) -> No aprobado
A17: 5 | B17: Cesar Eduardo Reyes Martínez | C17: 1014183716 | D17: Planta | E17: Dirección De Gestión De Recursos Financieros De Salud | F17: Gestor De Operaciones | G17: 2 | H17: 3 | I17: 2 | J17: 3 | K17: 3 | N17: 3 | O17: 2 | P17: 2 | Q17: 3.5 | R17: 3.5 | T17: 2 | U17: 2 | V17: 2 | W17: 2 | X17: 3 | Y17: 2 | Z17: 3 | AA17: 2 | AB17: 3 | AC17: 2 | AD17: 3 | AE17: 2 | AF17: 2 | AG17: 3 | AH17: 2 | AI17: 3 | AJ17: 2 | AL17: 2 | AM17: 3 | AP17: 2 | AQ17: 2 | AR17: 2 | AS17: 3 | AT17: 2 | AU17: 3 | AV17: =IF(B17<>"",SUM(G17:AU17),"") -> 86 | AW17: =IF(B17<>"",COUNTA(G17:AU17),"") -> 41 | AX17: =IF(B17<>"",SUM(G17:AU17)/100,"") -> 0.86 | AY17: =IF(AX17="","",IF(AX17>=80%,"Certificado","No certificado")) -> Certificado | BC17: =IF(B17="","",IF(AND(AX17>=0.8,BB17>=3),"Aprobado","No aprobado")) -> No aprobado
A18: 6 | B18: Juan Pablo Saade Forero | C18: 80409100 | D18: Planta | E18: Oficina De Control Interno | F18: Auxiliar Administrativo | G18: 2 | H18: 3 | I18: 2 | J18: 3 | K18: 3 | L18: 2 | M18: 2 | N18: 3 | O18: 2 | P18: 2 | Q18: 3.5 | R18: 3.5 | S18: 3 | T18: 2 | U18: 2 | V18: 2 | W18: 2 | X18: 3 | Y18: 2 | Z18: 3 | AA18: 2 | AB18: 3 | AC18: 2 | AD18: 3 | AE18: 2 | AF18: 2 | AG18: 3 | AH18: 2 | AI18: 3 | AJ18: 2 | AK18: 2 | AL18: 2 | AM18: 3 | AN18: 2 | AO18: 3 | AP18: 2 | AQ18: 2 | AR18: 2 | AS18: 3 | AT18: 2 | AU18: 3 | AV18: =IF(B18<>"",SUM(G18:AU18),"") -> 100 | AW18: =IF(B18<>"",COUNTA(G18:AU18),"") -> 41 | AX18: =IF(B18<>"",SUM(G18:AU18)/100,"") -> 1 | AY18: =IF(AX18="","",IF(AX18>=80%,"Certificado","No certificado")) -> Certificado | BC18: =IF(B18="","",IF(AND(AX18>=0.8,BB18>=3),"Aprobado","No aprobado")) -> No aprobado | BD18: 5 | BE18: 5 | BF18: 5 | BG18: 5 | BH18: 5 | BI18: 5 | BJ18: 4 | BK18: 4 | BL18: 4 | BM18: 4 | BN18: 4 | BO18: 4 | BP18: 4 | BQ18: 4 | BR18: 4 | BS18: 4 | BT18: 4 | BU18: 4 | BV18: 4 | BW18: 4 | BX18: 4 | BY18: 4 | BZ18: 4 | CA18: 4 | CB18: 4 | CC18: 4 | CD18: 4 | CE18: 4 | CF18: 4 | CG18: 4 | CH18: 4 | CI18: 4 | CJ18: 4 | CK18: 4 | CL18: 4 | CM18: 4 | CN18: 5 | CO18: 5 | CP18: 5 | CQ18: 5 | CR18: 5 | CS18: 5 | CT18: 5 | CU18: 5 | CV18: 5 | DA18: Ética, Gobernanza y IA Responsable Sesgo y Equidad: Identificación y mitigación de sesgos algorítmicos para evitar discriminación o resultados injustos. Explicabilidad (XAI): Técnicas para hacer que los modelos de caja negra sean interpretables para los tomadores de decisiones (valores SHAP, LIME). | DB18: Retroalimentación constante: Evaluar periódicamente los resultados de los proyectos analíticos mediante retrospectivas para identificar cuellos de botella en los pipelines de datos o en el rendimiento de los modelos. | DC18: Arquitectura de Datos Moderna (Modern Data Stack) Estrategias de Lakehouse y Data Mesh: Transición hacia arquitecturas descentralizadas y unificadas que combinan lo mejor de los Data Lakes y Data Warehouses. Gobierno de Datos Ágil: Implementación de catálogos de datos automatizados, gestión de linaje y control de calidad impulsados por metadatos. | DD18: SI | DE18: 5 | DF18: =AVERAGE(BD18:DE18) -> 4.3478261
A19: 7 | B19: Leidy Janneth Luis Cuervo | C19: 53062135 | D19: Planta | E19: Dirección De Otras Prestaciones | F19: Gestor De Operaciones | G19: 2 | I19: 2 | J19: 3 | L19: 2 | M19: 2 | N19: 3 | O19: 2 | P19: 2 | Q19: 3.5 | R19: 3.5 | S19: 3 | T19: 2 | U19: 2 | V19: 2 | W19: 2 | Y19: 2 | Z19: 3 | AA19: 2 | AB19: 3 | AC19: 2 | AD19: 3 | AE19: 2 | AF19: 2 | AG19: 3 | AH19: 2 | AI19: 3 | AJ19: 2 | AK19: 2 | AL19: 2 | AM19: 3 | AN19: 2 | AO19: 3 | AP19: 2 | AQ19: 2 | AR19: 2 | AS19: 3 | AT19: 2 | AU19: 3 | AV19: =IF(B19<>"",SUM(G19:AU19),"") -> 91 | AW19: =IF(B19<>"",COUNTA(G19:AU19),"") -> 41 | AX19: =IF(B19<>"",SUM(G19:AU19)/100,"") -> 0.91 | AY19: =IF(AX19="","",IF(AX19>=80%,"Certificado","No certificado")) -> Certificado | BC19: =IF(B19="","",IF(AND(AX19>=0.8,BB19>=3),"Aprobado","No aprobado")) -> No aprobado
A20: 8 | B20: Lorena Fabiola Amézquita Becerra | C20: 46458408 | D20: Planta | E20: Dirección De Otras Prestaciones | F20: Gestor De Operaciones | G20: 2 | H20: 3 | I20: 2 | J20: 3 | K20: 3 | L20: 2 | M20: 2 | N20: 3 | O20: 2 | P20: 2 | Q20: 3.5 | R20: 3.5 | S20: 3 | T20: 2 | U20: 2 | V20: 2 | W20: 2 | Y20: 2 | Z20: 3 | AA20: 2 | AB20: 3 | AC20: 2 | AD20: 3 | AE20: 2 | AG20: 3 | AH20: 2 | AI20: 3 | AJ20: 2 | AK20: 2 | AL20: 2 | AM20: 3 | AN20: 2 | AO20: 3 | AP20: 2 | AQ20: 2 | AR20: 2 | AS20: 3 | AT20: 2 | AU20: 3 | AV20: =IF(B20<>"",SUM(G20:AU20),"") -> 95 | AW20: =IF(B20<>"",COUNTA(G20:AU20),"") -> 41 | AX20: =IF(B20<>"",SUM(G20:AU20)/100,"") -> 0.95 | AY20: =IF(AX20="","",IF(AX20>=80%,"Certificado","No certificado")) -> Certificado | BC20: =IF(B20="","",IF(AND(AX20>=0.8,BB20>=3),"Aprobado","No aprobado")) -> No aprobado
A21: 9 | B21: María Antonia Benito Guataquira | C21: 1024463886 | D21: Planta | E21: Dirección De Liquidaciones Y Garantías | F21: Gestor De Operaciones | H21: 3 | I21: 2 | J21: 3 | K21: 3 | L21: 2 | M21: 2 | N21: 3 | O21: 2 | P21: 2 | Q21: 3.5 | R21: 3.5 | S21: 3 | T21: 2 | U21: 2 | V21: 2 | W21: 2 | X21: 3 | Y21: 2 | AA21: 2 | AB21: 3 | AC21: 2 | AD21: 3 | AE21: 2 | AF21: 2 | AG21: 3 | AH21: 2 | AJ21: 2 | AL21: 2 | AM21: 3 | AN21: 2 | AO21: 3 | AP21: 2 | AQ21: 2 | AR21: 2 | AS21: 3 | AT21: 2 | AU21: 3 | AV21: =IF(B21<>"",SUM(G21:AU21),"") -> 90 | AW21: =IF(B21<>"",COUNTA(G21:AU21),"") -> 41 | AX21: =IF(B21<>"",SUM(G21:AU21)/100,"") -> 0.9 | AY21: =IF(AX21="","",IF(AX21>=80%,"Certificado","No certificado")) -> Certificado | BC21: =IF(B21="","",IF(AND(AX21>=0.8,BB21>=3),"Aprobado","No aprobado")) -> No aprobado | BD21: 5 | BE21: 5 | BF21: 5 | BG21: 5 | BH21: 5 | BI21: 5 | BJ21: 5 | BK21: 5 | BL21: 5 | BM21: 5 | BN21: 5 | BO21: 5 | BP21: 5 | BQ21: 5 | BR21: 5 | BS21: 5 | BT21: 5 | BU21: 5 | BV21: 5 | BW21: 5 | BX21: 5 | BY21: 5 | BZ21: 5 | CA21: 5 | CB21: 5 | CC21: 5 | CD21: 5 | CE21: 5 | CF21: 5 | CG21: 5 | CH21: 5 | CI21: 5 | CJ21: 5 | CK21: 5 | CL21: 5 | CM21: 5 | CN21: 5 | CO21: 5 | CP21: 5 | CQ21: 5 | CR21: 5 | CS21: 5 | CT21: 5 | CU21: 5 | CV21: 5 | DA21: N/a | DB21: Que no sean tantas sesiones virtuales | DC21: Bases de datos e IA | DD21: SI | DE21: 5 | DF21: =AVERAGE(BD21:DE21) -> 5
A22: 10 | B22: Nini Johana Moreno Urrego | C22: 52768770 | D22: Planta | E22: Dirección De Gestión De Recursos Financieros De Salud | F22: Gestor De Operaciones | G22: 2 | H22: 3 | I22: 2 | J22: 3 | K22: 3 | L22: 2 | M22: 2 | N22: 3 | O22: 2 | P22: 2 | Q22: 3.5 | R22: 3.5 | T22: 2 | U22: 2 | V22: 2 | W22: 2 | X22: 3 | Y22: 2 | Z22: 3 | AA22: 2 | AB22: 3 | AC22: 2 | AD22: 3 | AE22: 2 | AF22: 2 | AG22: 3 | AH22: 2 | AI22: 3 | AJ22: 2 | AK22: 2 | AL22: 2 | AM22: 3 | AN22: 2 | AO22: 3 | AP22: 2 | AQ22: 2 | AR22: 2 | AS22: 3 | AT22: 2 | AU22: 3 | AV22: =IF(B22<>"",SUM(G22:AU22),"") -> 97 | AW22: =IF(B22<>"",COUNTA(G22:AU22),"") -> 41 | AX22: =IF(B22<>"",SUM(G22:AU22)/100,"") -> 0.97 | AY22: =IF(AX22="","",IF(AX22>=80%,"Certificado","No certificado")) -> Certificado | BC22: =IF(B22="","",IF(AND(AX22>=0.8,BB22>=3),"Aprobado","No aprobado")) -> No aprobado | BD22: 5 | BE22: 5 | BF22: 5 | BG22: 5 | BH22: 5 | BI22: 5 | BJ22: 5 | BK22: 5 | BL22: 5 | BM22: 5 | BN22: 5 | BO22: 5 | BP22: 5 | BQ22: 5 | BR22: 5 | BS22: 5 | BT22: 5 | BU22: 5 | BV22: 5 | BW22: 5 | BX22: 5 | BY22: 5 | BZ22: 5 | CA22: 5 | CB22: 5 | CC22: 5 | CD22: 5 | CE22: 5 | CF22: 5 | CG22: 5 | CH22: 5 | CI22: 5 | CJ22: 5 | CK22: 5 | CL22: 5 | CM22: 5 | CN22: 5 | CO22: 5 | CP22: 5 | CQ22: 5 | CR22: 5 | CS22: 5 | CT22: 5 | CU22: 5 | CV22: 5 | DA22: Aplicación de la inteligencia Artificial | DB22: Que puedan ser mas presenciales | DC22: n | DD22: SI | DE22: 5 | DF22: =AVERAGE(BD22:DE22) -> 5
A23: 11 | B23: Omar Alejandro Gómez Rocha | C23: 80257682 | D23: Planta | E23: Dirección De Liquidaciones Y Garantías | F23: Gestor De Operaciones | G23: 2 | H23: 3 | I23: 2 | J23: 3 | K23: 3 | L23: 2 | M23: 2 | N23: 3 | O23: 2 | P23: 2 | Q23: 3.5 | R23: 3.5 | S23: 3 | T23: 2 | U23: 2 | V23: 2 | W23: 2 | X23: 3 | Y23: 2 | Z23: 3 | AA23: 2 | AB23: 3 | AC23: 2 | AD23: 3 | AE23: 2 | AF23: 2 | AH23: 2 | AI23: 3 | AJ23: 2 | AK23: 2 | AL23: 2 | AM23: 3 | AN23: 2 | AO23: 3 | AP23: 2 | AQ23: 2 | AR23: 2 | AS23: 3 | AT23: 2 | AV23: =IF(B23<>"",SUM(G23:AU23),"") -> 94 | AW23: =IF(B23<>"",COUNTA(G23:AU23),"") -> 41 | AX23: =IF(B23<>"",SUM(G23:AU23)/100,"") -> 0.94 | AY23: =IF(AX23="","",IF(AX23>=80%,"Certificado","No certificado")) -> Certificado | BC23: =IF(B23="","",IF(AND(AX23>=0.8,BB23>=3),"Aprobado","No aprobado")) -> No aprobado
A24: 12 | B24: Oscar Julián Baquero Carrillo | C24: 11413726 | D24: Planta | E24: Dirección De Liquidaciones Y Garantías | F24: Gestor De Operaciones | G24: 2 | H24: 3 | I24: 2 | J24: 3 | L24: 2 | N24: 3 | O24: 2 | P24: 2 | Q24: 3.5 | R24: 3.5 | S24: 3 | T24: 2 | U24: 2 | V24: 2 | X24: 3 | Y24: 2 | Z24: 3 | AA24: 2 | AB24: 3 | AC24: 2 | AD24: 3 | AF24: 2 | AG24: 3 | AH24: 2 | AJ24: 2 | AK24: 2 | AL24: 2 | AM24: 3 | AN24: 2 | AO24: 3 | AR24: 2 | AT24: 2 | AU24: 3 | AV24: =IF(B24<>"",SUM(G24:AU24),"") -> 81 | AW24: =IF(B24<>"",COUNTA(G24:AU24),"") -> 41 | AX24: =IF(B24<>"",SUM(G24:AU24)/100,"") -> 0.81 | AY24: =IF(AX24="","",IF(AX24>=80%,"Certificado","No certificado")) -> Certificado | BC24: =IF(B24="","",IF(AND(AX24>=0.8,BB24>=3),"Aprobado","No aprobado")) -> No aprobado | BD24: 5 | BE24: 5 | BF24: 5 | BG24: 5 | BH24: 5 | BI24: 5 | BJ24: 5 | BK24: 5 | BL24: 5 | BM24: 5 | BN24: 5 | BO24: 5 | BP24: 5 | BQ24: 5 | BR24: 5 | BS24: 5 | BT24: 5 | BU24: 5 | BV24: 5 | BW24: 5 | BX24: 5 | BY24: 5 | BZ24: 5 | CA24: 5 | CB24: 5 | CC24: 5 | CD24: 5 | CE24: 5 | CF24: 5 | CG24: 5 | CH24: 5 | CI24: 5 | CJ24: 5 | CK24: 5 | CL24: 5 | CM24: 5 | CN24: 5 | CO24: 5 | CP24: 5 | CQ24: 4 | CR24: 4 | CS24: 5 | CT24: 5 | CU24: 5 | CV24: 5 | DA24: Agentes de AI | DB24: Casos aplicados a la ADRES | DC24: AI | DD24: SI | DE24: 5 | DF24: =AVERAGE(BD24:DE24) -> 4.9565217
A25: 13 | B25: Ricardo Evelio Padilla Sanchez | C25: 80009213 | D25: Planta | E25: Subdirección De Liquidaciones Del Aseguramiento | F25: Gestor De Operaciones | G25: 2 | H25: 3 | I25: 2 | J25: 3 | K25: 3 | L25: 2 | N25: 3 | O25: 2 | P25: 2 | Q25: 3.5 | R25: 3.5 | S25: 3 | T25: 2 | U25: 2 | V25: 2 | W25: 2 | X25: 3 | Y25: 2 | Z25: 3 | AA25: 2 | AB25: 3 | AC25: 2 | AD25: 3 | AE25: 2 | AF25: 2 | AG25: 3 | AH25: 2 | AJ25: 2 | AK25: 2 | AL25: 2 | AM25: 3 | AN25: 2 | AO25: 3 | AP25: 2 | AQ25: 2 | AR25: 2 | AS25: 3 | AT25: 2 | AU25: 3 | AV25: =IF(B25<>"",SUM(G25:AU25),"") -> 95 | AW25: =IF(B25<>"",COUNTA(G25:AU25),"") -> 41 | AX25: =IF(B25<>"",SUM(G25:AU25)/100,"") -> 0.95 | AY25: =IF(AX25="","",IF(AX25>=80%,"Certificado","No certificado")) -> Certificado | BC25: =IF(B25="","",IF(AND(AX25>=0.8,BB25>=3),"Aprobado","No aprobado")) -> No aprobado | BD25: 5 | BE25: 5 | BF25: 5 | BG25: 5 | BH25: 5 | BI25: 5 | BJ25: 4 | BK25: 4 | BL25: 4 | BM25: 4 | BN25: 4 | BO25: 4 | BP25: 4 | BQ25: 4 | BR25: 4 | BS25: 4 | BT25: 4 | BU25: 4 | BV25: 4 | BW25: 4 | BX25: 4 | BY25: 4 | BZ25: 4 | CA25: 4 | CB25: 4 | CC25: 4 | CD25: 4 | CE25: 4 | CF25: 4 | CG25: 4 | CH25: 4 | CI25: 4 | CJ25: 4 | CK25: 4 | CL25: 4 | CM25: 4 | CN25: 5 | CO25: 5 | CP25: 5 | CQ25: 5 | CR25: 5 | CS25: 5 | CT25: 5 | CU25: 5 | CV25: 5 | DA25: MÁS ACTIVIDADES PRACTICAS | DB25: ACTIVIDADES MÁS PRESENCIALES, VIRTUALES ES MUY DIFICIL PORQUE NO SE RESPETAN LOS ESPACIOS | DC25: INTELIGENICA DE NEGOCIOS | DD25: SI | DE25: 5 | DF25: =AVERAGE(BD25:DE25) -> 4.3478261
A26: 14 | B26: Sonia Yuliana Rodríguez Amórtegui | C26: 1068976502 | D26: Planta | E26: Dirección De Liquidaciones Y Garantías | F26: Gestor De Operaciones | H26: 3 | I26: 2 | J26: 3 | L26: 2 | M26: 2 | N26: 3 | O26: 2 | P26: 2 | Q26: 3.5 | R26: 3.5 | S26: 3 | T26: 2 | U26: 2 | V26: 2 | W26: 2 | X26: 3 | Y26: 2 | Z26: 3 | AA26: 2 | AB26: 3 | AC26: 2 | AD26: 3 | AE26: 2 | AF26: 2 | AG26: 3 | AH26: 2 | AI26: 3 | AJ26: 2 | AK26: 2 | AL26: 2 | AM26: 3 | AN26: 2 | AO26: 3 | AP26: 2 | AQ26: 2 | AR26: 2 | AT26: 2 | AU26: 3 | AV26: =IF(B26<>"",SUM(G26:AU26),"") -> 92 | AW26: =IF(B26<>"",COUNTA(G26:AU26),"") -> 41 | AX26: =IF(B26<>"",SUM(G26:AU26)/100,"") -> 0.92 | AY26: =IF(AX26="","",IF(AX26>=80%,"Certificado","No certificado")) -> Certificado | BC26: =IF(B26="","",IF(AND(AX26>=0.8,BB26>=3),"Aprobado","No aprobado")) -> No aprobado | BD26: 5 | BE26: 5 | BF26: 5 | BG26: 5 | BH26: 5 | BI26: 5 | BJ26: 5 | BK26: 5 | BL26: 5 | BM26: 5 | BN26: 5 | BO26: 5 | BP26: 5 | BQ26: 5 | BR26: 5 | BS26: 5 | BT26: 5 | BU26: 5 | BV26: 5 | BW26: 5 | BX26: 5 | BY26: 5 | BZ26: 5 | CA26: 5 | CB26: 5 | CC26: 5 | CD26: 5 | CE26: 5 | CF26: 5 | CG26: 5 | CH26: 5 | CI26: 5 | CJ26: 5 | CK26: 5 | CL26: 5 | CM26: 5 | CN26: 5 | CO26: 5 | CP26: 5 | CQ26: 5 | CR26: 4 | CS26: 5 | CT26: 5 | CU26: 4 | CV26: 5 | DA26: Aplicación de móldelos, mayor ejemplificación. | DB26: Más práctica y más horas presenciales. | DC26: Programas tecnológicos. | DD26: SI | DE26: 5 | DF26: =AVERAGE(BD26:DE26) -> 4.9565217
A27: 15 | B27: William Andrés Páez Pinzón | C27: 1026269124 | D27: Planta | E27: Dirección De Gestión De Tecnologías De Información Y Comunicaciones | F27: Gestor De Operaciones | G27: 2 | H27: 3 | I27: 2 | J27: 3 | K27: 3 | L27: 2 | M27: 2 | N27: 3 | O27: 2 | P27: 2 | R27: 3.5 | S27: 3 | T27: 2 | W27: 2 | X27: 3 | Y27: 2 | AA27: 2 | AB27: 3 | AD27: 3 | AE27: 2 | AF27: 2 | AH27: 2 | AI27: 3 | AJ27: 2 | AK27: 2 | AL27: 2 | AM27: 3 | AN27: 2 | AO27: 3 | AP27: 2 | AQ27: 2 | AR27: 2 | AS27: 3 | AT27: 2 | AU27: 3 | AV27: =IF(B27<>"",SUM(G27:AU27),"") -> 84.5 | AW27: =IF(B27<>"",COUNTA(G27:AU27),"") -> 41 | AX27: =IF(B27<>"",SUM(G27:AU27)/100,"") -> 0.845 | AY27: =IF(AX27="","",IF(AX27>=80%,"Certificado","No certificado")) -> Certificado | BC27: =IF(B27="","",IF(AND(AX27>=0.8,BB27>=3),"Aprobado","No aprobado")) -> No aprobado
A28: 16 | B28: Yaneth Lucia González Martínez | C28: 1013579143 | D28: Planta | E28: Subdirección De Liquidaciones Del Aseguramiento | F28: Gestor De Operaciones | AV28: =IF(B28<>"",SUM(G28:AU28),"") -> 0 | AW28: =IF(B28<>"",COUNTA(G28:AU28),"") -> 41 | AX28: =IF(B28<>"",SUM(G28:AU28)/100,"") -> 0 | AY28: =IF(AX28="","",IF(AX28>=80%,"Certificado","No certificado")) -> No certificado | BC28: =IF(B28="","",IF(AND(AX28>=0.8,BB28>=3),"Aprobado","No aprobado")) -> No aprobado | BD28: 5 | BE28: 4 | BF28: 5 | BG28: 4 | BH28: 4 | BI28: 4 | BJ28: 4 | BK28: 5 | BL28: 5 | BM28: 4 | BN28: 5 | BO28: 5 | BP28: 4 | BQ28: 5 | BR28: 4 | BS28: 5 | BT28: 4 | BU28: 4 | BV28: 4 | BW28: 5 | BX28: 4 | BY28: 5 | BZ28: 5 | CA28: 4 | CB28: 4 | CC28: 5 | CD28: 4 | CE28: 5 | CF28: 5 | CG28: 4 | CH28: 4 | CI28: 5 | CJ28: 5 | CK28: 4 | CL28: 4 | CM28: 4 | CN28: 5 | CO28: 5 | CP28: 5 | CQ28: 5 | CR28: 5 | CS28: 5 | CT28: 5 | CU28: 5 | CV28: 5 | DA28: Poder hacer ejercicios mas aplicados a las actividades del trabajo. | DB28: En las horas virtuales estando en la oficina, es muy complejo atender las clases. | DC28: Sistemas asociados a la electrónica. | DD28: SI | DE28: 5 | DF28: =AVERAGE(BD28:DE28) -> 4.5652174
A29: Observaciones:

Sheet 9 - Power BI
A1: UNIDAD DE EDUCACIÓN CONTINUA FACULTAD DE INGENIERÍA | I1: EXTENSIÓN | AA1: VERSIÓN 1.0
AA3: PÁGINA 1 DE 1
A5: FACULTAD INGENIERÍA UNAL
A6: PROCESO: DESARROLLO DE LAS MODALIDADES DE EXTENSIÓN
A7: NOMBRE DEL CURSO, DIPLOMADO O PROYECTO
A8: CURSO "XX"
A9: NOMBRE DEL PROFESOR | E9: ='Formato Cronograma'!F12 -> Edwar Leonardo Esteban Perez | J9: N° S.PRESENCIALES(SP) | R9: N° S.VIRTUALES SINCRÓNICAS(VS) | Y9: NOMBRE DEL MONITOR | AC9: DANIEL FELIPE CRUZ SAENZ
A10: FECHA DE INICIO | C10: ='Formato Cronograma'!K12 -> 46281 | D10: FECHA DE FIN | E10: ='Formato Cronograma'!L12 -> 46346 | F10: MODALIDAD | G10: PRESENCIAL | J10: 2 | R10: 13 | Y10: HORAS DEL CURSO | AA10: 40 | AC10: CÓDIGO HERMES
A11: INFORMACIÓN DEL ESTUDIANTE | J11: SESIONES | Y11: ASISTENCIA | AC11: NOTAS
A12: NO | B12: NOMBRE Y APELLIDOS | C12: DOCUMENTO | D12: TIPO DE VINCULACIÓN CON LA ENTIDAD | E12: ÁREA A LA QUE PERTENECE | F12: NOMBRE DEL CARGO | G12: FECHA DE NACIMIENTO | H12: LUGAR DE NACIMIENTO | I12: SEXO BIOLÓGICO | J12: 1 | K12: 2 | L12: 3 | M12: 4 | N12: 5 | O12: 6 | P12: 7 | Q12: 8 | R12: 9 | S12: 10 | T12: 11 | U12: 12 | V12: 13 | W12: 14 | X12: 15 | Y12: HORAS ACUMULADAS | Z12: SESIONES ASISTIDAS | AA12: % ASISTENCIA | AB12: ¿CUMPLE ASISTENCIA? | AC12: PRE | AD12: POST | AE12: FINAL | AF12: APROBACIÓN
A13: 1 | Y13: =IF(B13<>"",SUM(J13:X13),"") | Z13: =IF(B13<>"",COUNTA(J13:X13),"") | AA13: =IF(B13<>"",SUM(J13:X13)/40,"") | AB13: =IF(AA13="","",IF(AA13>=80%,"Certificado","No certificado")) | AF13: =IF(B13="","",IF(AND(AA13>=0.8,AE13>=3),"Aprobado","No aprobado"))
A14: 2 | Y14: =IF(B14<>"",SUM(J14:X14),"") | Z14: =IF(B14<>"",COUNTA(J14:X14),"") | AA14: =IF(B14<>"",SUM(J14:X14)/40,"") | AB14: =IF(AA14="","",IF(AA14>=80%,"Certificado","No certificado")) | AF14: =IF(B14="","",IF(AND(AA14>=0.8,AE14>=3),"Aprobado","No aprobado"))
A15: 3 | Y15: =IF(B15<>"",SUM(J15:X15),"") | Z15: =IF(B15<>"",COUNTA(J15:X15),"") | AA15: =IF(B15<>"",SUM(J15:X15)/40,"") | AB15: =IF(AA15="","",IF(AA15>=80%,"Certificado","No certificado")) | AF15: =IF(B15="","",IF(AND(AA15>=0.8,AE15>=3),"Aprobado","No aprobado"))
A16: 4 | Y16: =IF(B16<>"",SUM(J16:X16),"") | Z16: =IF(B16<>"",COUNTA(J16:X16),"") | AA16: =IF(B16<>"",SUM(J16:X16)/40,"") | AB16: =IF(AA16="","",IF(AA16>=80%,"Certificado","No certificado")) | AF16: =IF(B16="","",IF(AND(AA16>=0.8,AE16>=3),"Aprobado","No aprobado"))
A17: 5 | Y17: =IF(B17<>"",SUM(J17:X17),"") | Z17: =IF(B17<>"",COUNTA(J17:X17),"") | AA17: =IF(B17<>"",SUM(J17:X17)/40,"") | AB17: =IF(AA17="","",IF(AA17>=80%,"Certificado","No certificado")) | AF17: =IF(B17="","",IF(AND(AA17>=0.8,AE17>=3),"Aprobado","No aprobado"))
A18: 6 | Y18: =IF(B18<>"",SUM(J18:X18),"") | Z18: =IF(B18<>"",COUNTA(J18:X18),"") | AA18: =IF(B18<>"",SUM(J18:X18)/40,"") | AB18: =IF(AA18="","",IF(AA18>=80%,"Certificado","No certificado")) | AF18: =IF(B18="","",IF(AND(AA18>=0.8,AE18>=3),"Aprobado","No aprobado"))
A19: 7 | Y19: =IF(B19<>"",SUM(J19:X19),"") | Z19: =IF(B19<>"",COUNTA(J19:X19),"") | AA19: =IF(B19<>"",SUM(J19:X19)/40,"") | AB19: =IF(AA19="","",IF(AA19>=80%,"Certificado","No certificado")) | AF19: =IF(B19="","",IF(AND(AA19>=0.8,AE19>=3),"Aprobado","No aprobado"))
A20: 8 | Y20: =IF(B20<>"",SUM(J20:X20),"") | Z20: =IF(B20<>"",COUNTA(J20:X20),"") | AA20: =IF(B20<>"",SUM(J20:X20)/40,"") | AB20: =IF(AA20="","",IF(AA20>=80%,"Certificado","No certificado")) | AF20: =IF(B20="","",IF(AND(AA20>=0.8,AE20>=3),"Aprobado","No aprobado"))
A21: 9 | Y21: =IF(B21<>"",SUM(J21:X21),"") | Z21: =IF(B21<>"",COUNTA(J21:X21),"") | AA21: =IF(B21<>"",SUM(J21:X21)/40,"") | AB21: =IF(AA21="","",IF(AA21>=80%,"Certificado","No certificado")) | AF21: =IF(B21="","",IF(AND(AA21>=0.8,AE21>=3),"Aprobado","No aprobado"))
A22: 10 | Y22: =IF(B22<>"",SUM(J22:X22),"") | Z22: =IF(B22<>"",COUNTA(J22:X22),"") | AA22: =IF(B22<>"",SUM(J22:X22)/40,"") | AB22: =IF(AA22="","",IF(AA22>=80%,"Certificado","No certificado")) | AF22: =IF(B22="","",IF(AND(AA22>=0.8,AE22>=3),"Aprobado","No aprobado"))
A23: 11 | Y23: =IF(B23<>"",SUM(J23:X23),"") | Z23: =IF(B23<>"",COUNTA(J23:X23),"") | AA23: =IF(B23<>"",SUM(J23:X23)/40,"") | AB23: =IF(AA23="","",IF(AA23>=80%,"Certificado","No certificado")) | AF23: =IF(B23="","",IF(AND(AA23>=0.8,AE23>=3),"Aprobado","No aprobado"))
A24: 12 | Y24: =IF(B24<>"",SUM(J24:X24),"") | Z24: =IF(B24<>"",COUNTA(J24:X24),"") | AA24: =IF(B24<>"",SUM(J24:X24)/40,"") | AB24: =IF(AA24="","",IF(AA24>=80%,"Certificado","No certificado")) | AF24: =IF(B24="","",IF(AND(AA24>=0.8,AE24>=3),"Aprobado","No aprobado"))
... A28: 16 | Y28: =IF(B28<>"",SUM(J28:X28),"") | Z28: =IF(B28<>"",COUNTA(J28:X28),"") | AA28: =IF(B28<>"",SUM(J28:X28)/40,"") | AB28: =IF(AA28="","",IF(AA28>=80%,"Certificado","No certificado")) | AF28: =IF(B28="","",IF(AND(AA28>=0.8,AE28>=3),"Aprobado","No aprobado"))
A29: Observaciones:

Sheet 10 - Comunicación asertiva
A1: UNIDAD DE EDUCACIÓN CONTINUA FACULTAD DE INGENIERÍA | X1: VERSIÓN 1.0
X3: PÁGINA 1 DE 1
A5: FACULTAD INGENIERÍA UNAL
A6: PROCESO: DESARROLLO DE LAS MODALIDADES DE EXTENSIÓN
A7: NOMBRE DEL CURSO, DIPLOMADO O PROYECTO
A8: CURSO "Comunicación asertiva y Escucha Activa"
A9: NOMBRE DEL PROFESOR | E9: ='Formato Cronograma'!F13 -> Olga Lucía Quintero Sierra | G9: N° S.PRESENCIALES(SP) | O9: N° S.VIRTUALES SINCRÓNICAS(VS) | V9: NOMBRE DEL MONITOR | Z9: DANIEL FELIPE CRUZ SAENZ
A10: FECHA DE INICIO | C10: ='Formato Cronograma'!K13 -> 46156 | D10: FECHA DE FIN | F10: ='Formato Cronograma'!L13 -> 46217 | G10: 2 | O10: 13 | V10: HORAS DEL CURSO | X10: 32 | Z10: CÓDIGO HERMES | AA10: 62742 | AD10: ENCUESTA
A11: INFORMACIÓN DEL ESTUDIANTE | G11: SESIONES | V11: ASISTENCIA | Z11: NOTAS | AD11: ENCUESTA - DOCENTE | AJ11: ENCUESTA - MONITOR | AM11: ENCUESTA - LOGÍSTICA | AW11: ENCUESTA - PREGUNTAS ABIERTAS | BB11: TOTAL
A12: NO | B12: NOMBRE Y APELLIDOS | C12: DOCUMENTO | D12: TIPO DE VINCULACIÓN CON LA ENTIDAD | E12: ÁREA A LA QUE PERTENECE | F12: NOMBRE DEL CARGO | G12: 1 | H12: 2 | I12: 3 | J12: 4 | K12: 5 | L12: 6 | M12: 7 | N12: 8 | O12: 9 | P12: 10 | Q12: 11 | R12: 12 | S12: 13 | T12: 14 | U12: 15 | V12: HORAS ACUMULADAS | W12: SESIONES ASISTIDAS | X12: % ASISTENCIA | Y12: ¿CUMPLE ASISTENCIA? | Z12: PRE | AA12: POST | AB12: FINAL | AC12: APROBACIÓN | AD12: 1,1 El cumplimiento de los objetivos y desarrollo del contenido de la actividad fue | AE12: 1,2 Actualización en el área | AF12: 1,3 Capacidad para comunicar ideas | AG12: 1,4 Pertinencia de la metodología empleada | AH12: 1,5 Cumplimiento de los horarios previstos en el cronograma de la actividad | AI12: 1,6 Conocimiento y dominio de los temas | AJ12: 2,1 Apoyo al conferencista y asistentes en las tareas previstas en la actividad | AK12: 2,2 Acompañamiento en cada una de las sesiones de la actividad | AL12: 2,3 Disposición y actitud frente a los asistentes | AM12: 3,1 Contenido del material suministrado | AN12: 3,2 Presentación del material suministrado | AO12: 3,3 Atención de refrigerios | AP12: 3,4 Instalaciones Físicas | AQ12: 3,5 Ayudas audiovisuales | AR12: 3,6 Atención en el proceso de inscripción | AS12: 3,7 Disponibilidad del aula virtual | AT12: 3,8 Contacto con el docente | AU12: 3,9 Pertinencia del material dispuesto en la plataforma | AV12: 3,10 Manejo de las herramientas digitales | AW12: 4,1 ¿Qué temas considera necesarios profundizar en este actividad? | AX12: 4,2 ¿Qué recomendaciones haría para mejorar las actividades? | AY12: 4,3 ¿En qué áreas desearía obtener información y/o actualización a través de las actividades de Educación Continua y Permanente? | AZ12: 4,4 ¿Asistiría a otra actividad programada por nosotros? | BA12: 4,5 ¿La actividad fue satisfactoria? | BB12: Promedio
A13: 1 | B13: Aurelio Enrique Linero Julio | C13: 79638866 | D13: Planta | E13: Subdirección De Liquidaciones Del Aseguramiento | F13: Gestor De Operaciones | G13: 3 | H13: 2 | I13: 2 | J13: 2 | K13: 2 | L13: 2 | M13: 2 | N13: 2 | O13: 2 | P13: 2 | Q13: 2 | R13: 2 | S13: 2 | T13: 2 | U13: 3 | V13: =IF(B13<>"",SUM(G13:U13),"") -> 32 | W13: =IF(B13<>"",COUNTA(G13:U13),"") -> 15 | X13: =IF(B13<>"",SUM(G13:U13)/32,"") -> 1 | Y13: =IF(X13="","",IF(X13>=80%,"Certificado","No certificado")) -> Certificado | Z13: NP | AA13: 5 | AB13: 4.7 | AC13: =IF(B13="","",IF(AND(X13>=0.8,AB13>=3),"Aprobado","No aprobado")) -> Aprobado | AD13: 4 | AE13: 5 | AF13: 4 | AG13: 5 | AH13: 5 | AI13: 4 | AJ13: 5 | AK13: 5 | AL13: 5 | AM13: 5 | AN13: 5 | AO13: 5 | AP13: 5 | AQ13: 5 | AR13: 5 | AS13: 5 | AT13: 5 | AU13: 5 | AV13: 5 | AW13: Estuvo acorde el contenido | AX13: Estuvo bien aplicado no tengo observaciones | AY13: Inteligencia artificial | AZ13: SI | BA13: 5 | BB13: =AVERAGE(AD13:BA13) -> 4.85
A14: 2 | B14: Diana Hillary Jiménez Tolosa | C14: 52825355 | D14: Planta | E14: Subdirección De Garantías | F14: Auxiliar Administrativa | G14: 3 | H14: 2 | I14: 2 | J14: 2 | K14: 2 | L14: 2 | M14: 2 | N14: 2 | O14: 2 | P14: 2 | R14: 2 | T14: 2 | U14: 3 | V14: =IF(B14<>"",SUM(G14:U14),"") -> 28 | W14: =IF(B14<>"",COUNTA(G14:U14),"") -> 15 | X14: =IF(B14<>"",SUM(G14:U14)/32,"") -> 0.875 | Y14: =IF(X14="","",IF(X14>=80%,"Certificado","No certificado")) -> Certificado | Z14: 1 | AA14: NP | AB14: 4.7 | AC14: =IF(B14="","",IF(AND(X14>=0.8,AB14>=3),"Aprobado","No aprobado")) -> Aprobado | AD14: 4 | AE14: 5 | AF14: 4 | AG14: 5 | AH14: 5 | AI14: 4 | AJ14: 5 | AK14: 5 | AL14: 5 | AM14: 4 | AN14: 4 | AO14: 5 | AP14: 5 | AQ14: 4 | AR14: 5 | AS14: 5 | AT14: 4 | AU14: 4 | AV14: 4 | AW14: Como ser empáticos con las personas nuevas que ingresar a la entidad en cuanto a dar la capacitación. | AX14: Mas presencialidad | AY14: En la honestidad con sus compañero | AZ14: SI | BA14: 5 | BB14: =AVERAGE(AD14:BA14) -> 4.55
A15: 3 | B15: Edinson Mauricio Hernández Manrique | C15: 13928254 | D15: Planta | E15: Dirección De Otras Prestaciones | F15: Gestor | G15: 3 | H15: 2 | I15: 2 | J15: 2 | K15: 2 | L15: 2 | M15: 2 | N15: 2 | P15: 2 | Q15: 2 | R15: 2 | T15: 2 | U15: 3 | V15: =IF(B15<>"",SUM(G15:U15),"") -> 28 | W15: =IF(B15<>"",COUNTA(G15:U15),"") -> 15 | X15: =IF(B15<>"",SUM(G15:U15)/32,"") -> 0.875 | Y15: =IF(X15="","",IF(X15>=80%,"Certificado","No certificado")) -> Certificado | Z15: 2 | AA15: 4 | AB15: 4.7 | AC15: =IF(B15="","",IF(AND(X15>=0.8,AB15>=3),"Aprobado","No aprobado")) -> Aprobado | AD15: 5 | AE15: 4 | AF15: 4 | AG15: 4 | AH15: 4 | AI15: 4 | AJ15: 4 | AK15: 4 | AL15: 4 | AM15: 5 | AN15: 5 | AO15: 5 | AP15: 5 | AQ15: 5 | AR15: 5 | AS15: 5 | AT15: 5 | AU15: 5 | AV15: 5 | AW15: N/A | AX15: Más clases presenciales | AY15: Ofimática | AZ15: SI | BA15: 5 | BB15: =AVERAGE(AD15:BA15) -> 4.6
A16: 4 | B16: Guillermo Manuel Benítez Rodríguez | C16: 77024676 | D16: Planta | E16: Dirección De Gestión De Tecnologías De Información Y Comunicaciones | F16: Gestor De Operaciones | V16: =IF(B16<>"",SUM(G16:U16),"") -> 0 | W16: =IF(B16<>"",COUNTA(G16:U16),"") -> 15 | X16: =IF(B16<>"",SUM(G16:U16)/32,"") -> 0 | Y16: =IF(X16="","",IF(X16>=80%,"Certificado","No certificado")) -> No certificado | Z16: NP | AA16: NP | AB16: NP | AC16: =IF(B16="","",IF(AND(X16>=0.8,AB16>=3),"Aprobado","No aprobado")) -> No aprobado
A17: 5 | B17: Isaí Ávila Wilches | C17: 80198045 | D17: Planta | E17: Dirección De Gestión De Tecnologías De Información Y Comunicaciones | F17: Gestor De Operaciones | G17: 3 | H17: 2 | I17: 2 | J17: 2 | K17: 2 | L17: 2 | M17: 2 | N17: 2 | O17: 2 | Q17: 2 | R17: 2 | S17: 2 | T17: 2 | U17: 3 | V17: =IF(B17<>"",SUM(G17:U17),"") -> 30 | W17: =IF(B17<>"",COUNTA(G17:U17),"") -> 15 | X17: =IF(B17<>"",SUM(G17:U17)/32,"") -> 0.9375 | Y17: =IF(X17="","",IF(X17>=80%,"Certificado","No certificado")) -> Certificado | Z17: 2 | AA17: 5 | AB17: 4.7 | AC17: =IF(B17="","",IF(AND(X17>=0.8,AB17>=3),"Aprobado","No aprobado")) -> Aprobado | AD17: 5 | AE17: 5 | AF17: 5 | AG17: 5 | AH17: 5 | AI17: 5 | AJ17: 5 | AK17: 5 | AL17: 5 | AM17: 5 | AN17: 5 | AO17: 4 | AP17: 3 | AQ17: 4 | AR17: 4 | AS17: 4 | AT17: 4 | AU17: 4 | AV17: 4 | AW17: Reforzas nuestro comportamiento al momento de comunicarnos | AX17: Talleres presenciales | AY17: Comunicación grupal | AZ17: SI | BA17: 4 | BB17: =AVERAGE(AD17:BA17) -> 4.5
A18: 6 | B18: Ivonne Marita Masmela Cumbe | C18: 28544562 | D18: Planta | E18: Dirección Administrativa Y Financiera | F18: Gestor | G18: 3 | H18: 2 | I18: 2 | J18: 2 | K18: 2 | L18: 2 | M18: 2 | N18: 2 | O18: 2 | P18: 2 | Q18: 2 | R18: 2 | S18: 2 | T18: 2 | U18: 3 | V18: =IF(B18<>"",SUM(G18:U18),"") -> 32 | W18: =IF(B18<>"",COUNTA(G18:U18),"") -> 15 | X18: =IF(B18<>"",SUM(G18:U18)/32,"") -> 1 | Y18: =IF(X18="","",IF(X18>=80%,"Certificado","No certificado")) -> Certificado | Z18: 3 | AA18: 4 | AB18: 4.7 | AC18: =IF(B18="","",IF(AND(X18>=0.8,AB18>=3),"Aprobado","No aprobado")) -> Aprobado | AD18: 4 | AE18: 5 | AF18: 4 | AG18: 4 | AH18: 4 | AI18: 5 | AJ18: 4 | AK18: 4 | AL18: 5 | AM18: 5 | AN18: 5 | AO18: 5 | AP18: 5 | AQ18: 5 | AR18: 5 | AS18: 5 | AT18: 5 | AU18: 5 | AV18: 5 | AW18: Ninguno | AX18: Ninguno | AY18: Ingles | AZ18: SI | BA18: 5 | BB18: =AVERAGE(AD18:BA18) -> 4.7
A19: 7 | B19: Luisa Fernanda Diaz González | C19: 1032399404 | D19: Planta | E19: Dirección De Otras Prestaciones | F19: Gestor De Operaciones | G19: 3 | H19: 2 | I19: 2 | J19: 2 | K19: 2 | L19: 2 | M19: 2 | N19: 2 | O19: 2 | P19: 2 | Q19: 2 | R19: 2 | S19: 2 | T19: 2 | U19: 3 | V19: =IF(B19<>"",SUM(G19:U19),"") -> 32 | W19: =IF(B19<>"",COUNTA(G19:U19),"") -> 15 | X19: =IF(B19<>"",SUM(G19:U19)/32,"") -> 1 | Y19: =IF(X19="","",IF(X19>=80%,"Certificado","No certificado")) -> Certificado | Z19: 4 | AA19: 4 | AB19: 4.7 | AC19: =IF(B19="","",IF(AND(X19>=0.8,AB19>=3),"Aprobado","No aprobado")) -> Aprobado | AD19: 5 | AE19: 5 | AF19: 5 | AG19: 5 | AH19: 5 | AI19: 5 | AJ19: 5 | AK19: 5 | AL19: 5 | AM19: 5 | AN19: 5 | AO19: 5 | AP19: 5 | AQ19: 5 | AR19: 5 | AS19: 5 | AT19: 5 | AU19: 5 | AV19: 5 | AW19: Manejo de las emociones | AX19: Que se hicieran más sesiones presenciales | AY19: Comunicación enfocada en liderazgo | AZ19: SI | BA19: 5 | BB19: =AVERAGE(AD19:BA19) -> 5
A20: 8 | B20: Marith Elisa Blanchar Martínez | C20: 49721417 | D20: Planta | E20: Dirección Administrativa Y Financiera | F20: Gestor De Operaciones | G20: 3 | H20: 2 | I20: 2 | J20: 2 | K20: 2 | L20: 2 | M20: 2 | P20: 2 | Q20: 2 | R20: 2 | T20: 2 | U20: 3 | V20: =IF(B20<>"",SUM(G20:U20),"") -> 26 | W20: =IF(B20<>"",COUNTA(G20:U20),"") -> 15 | X20: =IF(B20<>"",SUM(G20:U20)/32,"") -> 0.8125 | Y20: =IF(X20="","",IF(X20>=80%,"Certificado","No certificado")) -> Certificado | Z20: 4 | AA20: NP | AB20: 4 | AC20: =IF(B20="","",IF(AND(X20>=0.8,AB20>=3),"Aprobado","No aprobado")) -> Aprobado
A21: 9 | B21: Paola Andrea Cespedes Forero | C21: 52536438 | D21: Planta | E21: Dirección De Otras Prestaciones | F21: Gestor De Operaciones | G21: 3 | H21: 2 | I21: 2 | J21: 2 | K21: 2 | L21: 2 | M21: 2 | N21: 2 | O21: 2 | P21: 2 | Q21: 2 | R21: 2 | S21: 2 | T21: 2 | U21: 3 | V21: =IF(B21<>"",SUM(G21:U21),"") -> 32 | W21: =IF(B21<>"",COUNTA(G21:U21),"") -> 15 | X21: =IF(B21<>"",SUM(G21:U21)/32,"") -> 1 | Y21: =IF(X21="","",IF(X21>=80%,"Certificado","No certificado")) -> Certificado | Z21: 3 | AA21: 3 | AB21: 4.7 | AC21: =IF(B21="","",IF(AND(X21>=0.8,AB21>=3),"Aprobado","No aprobado")) -> Aprobado | AD21: 5 | AE21: 5 | AF21: 5 | AG21: 5 | AH21: 5 | AI21: 5 | AJ21: 5 | AK21: 5 | AL21: 5 | AM21: 5 | AN21: 5 | AO21: 5 | AP21: 5 | AQ21: 5 | AR21: 5 | AS21: 5 | AT21: 5 | AU21: 5 | AV21: 5 | AW21: Ninguno... Todo excelente | AX21: Más presencialidad | AY21: Ninguno | AZ21: SI | BA21: 5 | BB21: =AVERAGE(AD21:BA21) -> 5
A22: 10 | B22: Rubén Darío Joya Páez | C22: 79373365 | D22: Planta | E22: Oficina Asesora Jurídica | F22: Gestor De Operaciones | G22: 3 | H22: 2 | I22: 2 | J22: 2 | K22: 2 | L22: 2 | M22: 2 | N22: 2 | O22: 2 | P22: 2 | Q22: 2 | S22: 2 | T22: 2 | U22: 3 | V22: =IF(B22<>"",SUM(G22:U22),"") -> 30 | W22: =IF(B22<>"",COUNTA(G22:U22),"") -> 15 | X22: =IF(B22<>"",SUM(G22:U22)/32,"") -> 0.9375 | Y22: =IF(X22="","",IF(X22>=80%,"Certificado","No certificado")) -> Certificado | Z22: NP | AA22: 2 | AB22: 4.7 | AC22: =IF(B22="","",IF(AND(X22>=0.8,AB22>=3),"Aprobado","No aprobado")) -> Aprobado
A23: 11 | B23: Vilma Ruth Pardo Nieves | C23: 63436556 | D23: Planta | E23: Dirección Administrativa Y Financiera | F23: Gestor De Operaciones | H23: 2 | I23: 2 | J23: 2 | K23: 2 | L23: 2 | M23: 2 | N23: 2 | O23: 2 | P23: 2 | Q23: 2 | R23: 2 | S23: 2 | T23: 2 | U23: 3 | V23: =IF(B23<>"",SUM(G23:U23),"") -> 29 | W23: =IF(B23<>"",COUNTA(G23:U23),"") -> 15 | X23: =IF(B23<>"",SUM(G23:U23)/32,"") -> 0.90625 | Y23: =IF(X23="","",IF(X23>=80%,"Certificado","No certificado")) -> Certificado | Z23: 1 | AA23: 4 | AB23: 4.7 | AC23: =IF(B23="","",IF(AND(X23>=0.8,AB23>=3),"Aprobado","No aprobado")) -> Aprobado | AD23: 5 | AE23: 5 | AF23: 5 | AG23: 5 | AH23: 5 | AI23: 5 | AJ23: 5 | AK23: 5 | AL23: 5 | AM23: 5 | AN23: 5 | AO23: 5 | AP23: 5 | AQ23: 5 | AR23: 5 | AS23: 5 | AT23: 5 | AU23: 5 | AV23: 5 | AW23: Presupuesto | AX23: Que sea un poca mas presencial | AY23: Talleres mas prácticos y cnstructivos | AZ23: SI | BA23: 5 | BB23: =AVERAGE(AD23:BA23) -> 5
A24: Observaciones:

Sheet 11 - Riesgos
A1: UNIDAD DE EDUCACIÓN CONTINUA FACULTAD DE INGENIERÍA | X1: VERSIÓN 1.0 | AD1: AD13
AD2: 4
X3: PÁGINA 1 DE 1 | AD3: 5
A5: FACULTAD INGENIERÍA UNAL
A6: PROCESO: DESARROLLO DE LAS MODALIDADES DE EXTENSIÓN
A7: NOMBRE DEL CURSO, DIPLOMADO O PROYECTO
A8: CURSO "XX"
A9: NOMBRE DEL PROFESOR | E9: ='Formato Cronograma'!F14 -> John Alejandro Cárdenas Morales | G9: N° S.PRESENCIALES(SP) | O9: N° S.VIRTUALES SINCRÓNICAS(VS) | V9: NOMBRE DEL MONITOR | Z9: DANIEL FELIPE CRUZ SAENZ
A10: FECHA DE INICIO | C10: ='Formato Cronograma'!K14 -> 46219 | D10: FECHA DE FIN | F10: ='Formato Cronograma'!L14 -> 46282 | G10: 2 | O10: 13 | V10: HORAS DEL CURSO | X10: 32 | Z10: CÓDIGO HERMES | AA10: 62743 | AD10: ENCUESTA
A11: INFORMACIÓN DEL ESTUDIANTE | G11: SESIONES | V11: ASISTENCIA | Z11: NOTAS | AD11: ENCUESTA - DOCENTE 1 | AJ11: ENCUESTA - MONITOR | AM11: ENCUESTA - LOGÍSTICA | AW11: ENCUESTA - PREGUNTAS ABIERTAS | BB11: TOTAL
A12: NO | B12: NOMBRE Y APELLIDOS | C12: DOCUMENTO | D12: TIPO DE VINCULACIÓN CON LA ENTIDAD | E12: ÁREA A LA QUE PERTENECE | F12: NOMBRE DEL CARGO | G12: 1 | H12: 2 | I12: 3 | J12: 4 | K12: 5 | L12: 6 | M12: 7 | N12: 8 | O12: 9 | P12: 10 | Q12: 11 | R12: 12 | S12: 13 | T12: 14 | U12: 15 | V12: HORAS ACUMULADAS | W12: SESIONES ASISTIDAS | X12: % ASISTENCIA | Y12: ¿CUMPLE ASISTENCIA? | Z12: PRE | AA12: POST | AB12: FINAL | AC12: APROBACIÓN | AD12: 1,1 El cumplimiento de los objetivos y desarrollo del contenido de la actividad fue | AE12: 1,2 Actualización en el área | AF12: 1,3 Capacidad para comunicar ideas | AG12: 1,4 Pertinencia de la metodología empleada | AH12: 1,5 Cumplimiento de los horarios previstos en el cronograma de la actividad | AI12: 1,6 Conocimiento y dominio de los temas | AJ12: 2,1 Apoyo al conferencista y asistentes en las tareas previstas en la actividad | AK12: 2,2 Acompañamiento en cada una de las sesiones de la actividad | AL12: 2,3 Disposición y actitud frente a los asistentes | AM12: 3,1 Contenido del material suministrado | AN12: 3,2 Presentación del material suministrado | AO12: 3,3 Atención de refrigerios | AP12: 3,4 Instalaciones Físicas | AQ12: 3,5 Ayudas audiovisuales | AR12: 3,6 Atención en el proceso de inscripción | AS12: 3,7 Disponibilidad del aula virtual | AT12: 3,8 Contacto con el docente | AU12: 3,9 Pertinencia del material dispuesto en la plataforma | AV12: 3,10 Manejo de las herramientas digitales | AW12: 4,1 ¿Qué temas considera necesarios profundizar en este actividad? | AX12: 4,2 ¿Qué recomendaciones haría para mejorar las actividades? | AY12: 4,3 ¿En qué áreas desearía obtener información y/o actualización a través de las actividades de Educación Continua y Permanente? | AZ12: 4,4 ¿Asistiría a otra actividad programada por nosotros? | BA12: 4,5 ¿La actividad fue satisfactoria? | BB12: Promedio
A13: 1 | B13: Alicia Judith Benítez Gómez | C13: 1015422254 | D13: Planta | E13: Dirección Administrativa Y Financiera | F13: Gestor De Operaciones | G13: 3 | H13: 2 | V13: =IF(B13<>"",SUM(G13:U13),"") -> 5 | W13: =IF(B13<>"",COUNTA(G13:U13),"") -> 2 | X13: =IF(B13<>"",SUM(G13:U13)/32,"") -> 0.15625 | Y13: =IF(X13="","",IF(X13>=80%,"Certificado","No certificado")) -> No certificado | AC13: =IF(B13="","",IF(AND(X13>=0.8,AB13>=3),"Aprobado","No aprobado")) -> No aprobado | BB13: =AVERAGE(AD13:BA13) -> #DIV/0!
A14: 2 | B14: Andrés Felipe Blanco Hernández | C14: 1090372102 | D14: Planta | E14: Dirección Administrativa Y Financiera | F14: Gestor | V14: =IF(B14<>"",SUM(G14:U14),"") -> 0 | W14: =IF(B14<>"",COUNTA(G14:U14),"") -> 0 | X14: =IF(B14<>"",SUM(G14:U14)/32,"") -> 0 | Y14: =IF(X14="","",IF(X14>=80%,"Certificado","No certificado")) -> No certificado | AC14: =IF(B14="","",IF(AND(X14>=0.8,AB14>=3),"Aprobado","No aprobado")) -> No aprobado | BB14: =AVERAGE(AD14:BA14) -> #DIV/0!
A15: 3 | B15: Angie Carolina Velasco Martínez | C15: 52761826 | D15: Planta | E15: Dirección Administrativa Y Financiera | F15: Gestor De Operaciones | G15: 3 | H15: 2 | V15: =IF(B15<>"",SUM(G15:U15),"") -> 5 | W15: =IF(B15<>"",COUNTA(G15:U15),"") -> 2 | X15: =IF(B15<>"",SUM(G15:U15)/32,"") -> 0.15625 | Y15: =IF(X15="","",IF(X15>=80%,"Certificado","No certificado")) -> No certificado | AC15: =IF(B15="","",IF(AND(X15>=0.8,AB15>=3),"Aprobado","No aprobado")) -> No aprobado
A16: 4 | B16: Cesar Joaquín Sopo Segura | C16: 79455491 | D16: Planta | E16: Dirección General | F16: Asesor | G16: 3 | H16: 2 | V16: =IF(B16<>"",SUM(G16:U16),"") -> 5 | W16: =IF(B16<>"",COUNTA(G16:U16),"") -> 2 | X16: =IF(B16<>"",SUM(G16:U16)/32,"") -> 0.15625 | Y16: =IF(X16="","",IF(X16>=80%,"Certificado","No certificado")) -> No certificado | AC16: =IF(B16="","",IF(AND(X16>=0.8,AB16>=3),"Aprobado","No aprobado")) -> No aprobado | BB16: =AVERAGE(AD16:BA16) -> #DIV/0!
A17: 5 | B17: Diana Carolina Bonilla Rodríguez | C17: 52500983 | D17: Planta | E17: Dirección Administrativa Y Financiera | F17: Gestor De Operaciones | G17: 3 | H17: 2 | V17: =IF(B17<>"",SUM(G17:U17),"") -> 5 | W17: =IF(B17<>"",COUNTA(G17:U17),"") -> 2 | X17: =IF(B17<>"",SUM(G17:U17)/32,"") -> 0.15625 | Y17: =IF(X17="","",IF(X17>=80%,"Certificado","No certificado")) -> No certificado | AC17: =IF(B17="","",IF(AND(X17>=0.8,AB17>=3),"Aprobado","No aprobado")) -> No aprobado
A18: 6 | B18: Guillermo Manuel Benítez Rodríguez | C18: 77024676 | D18: Planta | E18: Dirección De Gestión De Tecnologías De Información Y Comunicaciones | F18: Gestor De Operaciones | H18: 2 | V18: =IF(B18<>"",SUM(G18:U18),"") -> 2 | W18: =IF(B18<>"",COUNTA(G18:U18),"") -> 1 | X18: =IF(B18<>"",SUM(G18:U18)/32,"") -> 0.0625 | Y18: =IF(X18="","",IF(X18>=80%,"Certificado","No certificado")) -> No certificado | AC18: =IF(B18="","",IF(AND(X18>=0.8,AB18>=3),"Aprobado","No aprobado")) -> No aprobado | BB18: =AVERAGE(AD18:BA18) -> #DIV/0!
A19: 7 | B19: Karen Dayanna Suarez Ospina | C19: 53029962 | D19: Planta | E19: Subdirección De Liquidaciones Del Aseguramiento | F19: Gestor De Operaciones | G19: 3 | H19: 2 | V19: =IF(B19<>"",SUM(G19:U19),"") -> 5 | W19: =IF(B19<>"",COUNTA(G19:U19),"") -> 2 | X19: =IF(B19<>"",SUM(G19:U19)/32,"") -> 0.15625 | Y19: =IF(X19="","",IF(X19>=80%,"Certificado","No certificado")) -> No certificado | AC19: =IF(B19="","",IF(AND(X19>=0.8,AB19>=3),"Aprobado","No aprobado")) -> No aprobado | BB19: =AVERAGE(AD19:BA19) -> #DIV/0!
A20: 8 | B20: Luisa Fernanda Díaz González | C20: 1032399404 | D20: Planta | E20: Dirección De Otras Prestaciones | F20: Gestor De Operaciones | G20: 3 | H20: 2 | V20: =IF(B20<>"",SUM(G20:U20),"") -> 5 | W20: =IF(B20<>"",COUNTA(G20:U20),"") -> 2 | X20: =IF(B20<>"",SUM(G20:U20)/32,"") -> 0.15625 | Y20: =IF(X20="","",IF(X20>=80%,"Certificado","No certificado")) -> No certificado | AC20: =IF(B20="","",IF(AND(X20>=0.8,AB20>=3),"Aprobado","No aprobado")) -> No aprobado | BB20: =AVERAGE(AD20:BA20) -> #DIV/0!
A21: 9 | B21: María Fernanda Fragozo Álvarez | C21: 1121332079 | D21: Planta | E21: Oficina De Control Interno | F21: Gestor De Operaciones | G21: 3 | H21: 2 | V21: =IF(B21<>"",SUM(G21:U21),"") -> 5 | W21: =IF(B21<>"",COUNTA(G21:U21),"") -> 2 | X21: =IF(B21<>"",SUM(G21:U21)/32,"") -> 0.15625 | Y21: =IF(X21="","",IF(X21>=80%,"Certificado","No certificado")) -> No certificado | AC21: =IF(B21="","",IF(AND(X21>=0.8,AB21>=3),"Aprobado","No aprobado")) -> No aprobado
A22: 10 | B22: Mirtha Liliana Ramírez Palma | C22: 52199439 | D22: Planta | E22: Subdirección De Liquidaciones Del Aseguramiento | F22: Gestor De Operaciones | G22: 3 | H22: 2 | V22: =IF(B22<>"",SUM(G22:U22),"") -> 5 | W22: =IF(B22<>"",COUNTA(G22:U22),"") -> 2 | X22: =IF(B22<>"",SUM(G22:U22)/32,"") -> 0.15625 | Y22: =IF(X22="","",IF(X22>=80%,"Certificado","No certificado")) -> No certificado | AC22: =IF(B22="","",IF(AND(X22>=0.8,AB22>=3),"Aprobado","No aprobado")) -> No aprobado | BB22: =AVERAGE(AD22:BA22) -> #DIV/0!
A23: 11 | B23: Nancy Esperanza Villamil Cifuentes | C23: 52454760 | D23: Planta | E23: Oficina Asesora De Planeación Y Control De Riesgos | F23: Gestor De Operaciones | G23: 3 | H23: 2 | V23: =IF(B23<>"",SUM(G23:U23),"") -> 5 | W23: =IF(B23<>"",COUNTA(G23:U23),"") -> 2 | X23: =IF(B23<>"",SUM(G23:U23)/32,"") -> 0.15625 | Y23: =IF(X23="","",IF(X23>=80%,"Certificado","No certificado")) -> No certificado | AC23: =IF(B23="","",IF(AND(X23>=0.8,AB23>=3),"Aprobado","No aprobado")) -> No aprobado | BB23: =AVERAGE(AD23:BA23) -> #DIV/0!
A24: 12 | B24: Oscar Manuel Oviedo Castro | C24: 79782154 | D24: Planta | E24: Dirección De Liquidaciones Y Garantías | F24: Gestor | G24: 3 | V24: =IF(B24<>"",SUM(G24:U24),"") -> 3 | W24: =IF(B24<>"",COUNTA(G24:U24),"") -> 1 | X24: =IF(B24<>"",SUM(G24:U24)/32,"") -> 0.09375 | Y24: =IF(X24="","",IF(X24>=80%,"Certificado","No certificado")) -> No certificado | AC24: =IF(B24="","",IF(AND(X24>=0.8,AB24>=3),"Aprobado","No aprobado")) -> No aprobado | BB24: =AVERAGE(AD24:BA24) -> #DIV/0!
A25: 13 | B25: Paola Andrea Cespedes Forero | C25: 52536438 | D25: Planta | E25: Dirección De Otras Prestaciones | F25: Gestor De Operaciones | G25: 3 | H25: 2 | V25: =IF(B25<>"",SUM(G25:U25),"") -> 5 | W25: =IF(B25<>"",COUNTA(G25:U25),"") -> 2 | X25: =IF(B25<>"",SUM(G25:U25)/32,"") -> 0.15625 | Y25: =IF(X25="","",IF(X25>=80%,"Certificado","No certificado")) -> No certificado | AC25: =IF(B25="","",IF(AND(X25>=0.8,AB25>=3),"Aprobado","No aprobado")) -> No aprobado
A26: 14 | B26: Sandra Mileydi Durán Garzón | C26: 52763356 | D26: Planta | E26: Dirección De Gestión De Tecnologías De Información Y Comunicaciones | F26: Gestor De Operaciones | G26: 3 | H26: 2 | V26: =IF(B26<>"",SUM(G26:U26),"") -> 5 | W26: =IF(B26<>"",COUNTA(G26:U26),"") -> 2 | X26: =IF(B26<>"",SUM(G26:U26)/32,"") -> 0.15625 | Y26: =IF(X26="","",IF(X26>=80%,"Certificado","No certificado")) -> No certificado | BB26: =AVERAGE(AD26:BA26) -> #DIV/0!
A27: 15 | B27: Vilma Ruth Pardo Nieves | C27: 63436556 | D27: Planta | E27: Dirección Administrativa Y Financiera | F27: Gestor De Operaciones | G27: 3 | H27: 2 | V27: =IF(B27<>"",SUM(G27:U27),"") -> 5 | W27: =IF(B27<>"",COUNTA(G27:U27),"") -> 2 | X27: =IF(B27<>"",SUM(G27:U27)/32,"") -> 0.15625 | Y27: =IF(X27="","",IF(X27>=80%,"Certificado","No certificado")) -> No certificado | BB27: =AVERAGE(AD27:BA27) -> #DIV/0!
A28: 16 | B28: Yaneth Lucía González Martínez | C28: 1013579143 | D28: Planta | E28: Subdirección De Liquidaciones Del Aseguramiento | F28: Gestor De Operaciones | G28: 3 | H28: 2 | V28: =IF(B28<>"",SUM(G28:U28),"") -> 5 | W28: =IF(B28<>"",COUNTA(G28:U28),"") -> 2 | X28: =IF(B28<>"",SUM(G28:U28)/32,"") -> 0.15625 | Y28: =IF(X28="","",IF(X28>=80%,"Certificado","No certificado")) -> No certificado | BB28: =AVERAGE(AD28:BA28) -> #DIV/0!
A29: Observaciones:

Sheet 12 - Pensamiento crítico
A1: UNIDAD DE EDUCACIÓN CONTINUA FACULTAD DE INGENIERÍA | X1: VERSIÓN 1.0
X3: PÁGINA 1 DE 1
A5: FACULTAD INGENIERÍA UNAL
A6: PROCESO: DESARROLLO DE LAS MODALIDADES DE EXTENSIÓN
A7: NOMBRE DEL CURSO, DIPLOMADO O PROYECTO
A8: CURSO "RIESGOS"
A9: NOMBRE DEL PROFESOR | E9: ='Formato Cronograma'!F15 -> William Angel Salazar Pulido | G9: N° S.PRESENCIALES(SP) | O9: N° S.VIRTUALES SINCRÓNICAS(VS) | V9: NOMBRE DEL MONITOR | Z9: DANIEL FELIPE CRUZ SAENZ
A10: FECHA DE INICIO | C10: ='Formato Cronograma'!K15 -> 46098 | D10: FECHA DE FIN | F10: ='Formato Cronograma'!L15 -> 46154 | G10: 2 | O10: 13 | V10: HORAS DEL CURSO | X10: 32 | Z10: CÓDIGO HERMES | AD10: ENCUESTA
A11: INFORMACIÓN DEL ESTUDIANTE | G11: SESIONES | V11: ASISTENCIA | Z11: NOTAS | AD11: ENCUESTA - DOCENTE | AJ11: ENCUESTA - MONITOR | AM11: ENCUESTA - LOGÍSTICA | AW11: ENCUESTA - PREGUNTAS ABIERTAS | BB11: TOTAL
A12: NO | B12: NOMBRE Y APELLIDOS | C12: DOCUMENTO | D12: TIPO DE VINCULACIÓN CON LA ENTIDAD | E12: ÁREA A LA QUE PERTENECE | F12: NOMBRE DEL CARGO | G12: 1 | H12: 2 | I12: 3 | J12: 4 | K12: 5 | L12: 6 | M12: 7 | N12: 8 | O12: 9 | P12: 10 | Q12: 11 | R12: 12 | S12: 13 | T12: 14 | U12: 15 | V12: HORAS ACUMULADAS | W12: SESIONES ASISTIDAS | X12: % ASISTENCIA | Y12: ¿CUMPLE ASISTENCIA? | Z12: PRE | AA12: POST | AB12: FINAL | AC12: APROBACIÓN | AD12: 1,1 El cumplimiento de los objetivos y desarrollo del contenido de la actividad fue | AE12: 1,2 Actualización en el área | AF12: 1,3 Capacidad para comunicar ideas | AG12: 1,4 Pertinencia de la metodología empleada | AH12: 1,5 Cumplimiento de los horarios previstos en el cronograma de la actividad | AI12: 1,6 Conocimiento y dominio de los temas | AJ12: 2,1 Apoyo al conferencista y asistentes en las tareas previstas en la actividad | AK12: 2,2 Acompañamiento en cada una de las sesiones de la actividad | AL12: 2,3 Disposición y actitud frente a los asistentes | AM12: 3,1 Contenido del material suministrado | AN12: 3,2 Presentación del material suministrado | AO12: 3,3 Atención de refrigerios | AP12: 3,4 Instalaciones Físicas | AQ12: 3,5 Ayudas audiovisuales | AR12: 3,6 Atención en el proceso de inscripción | AS12: 3,7 Disponibilidad del aula virtual | AT12: 3,8 Contacto con el docente | AU12: 3,9 Pertinencia del material dispuesto en la plataforma | AV12: 3,10 Manejo de las herramientas digitales | AW12: 4,1 ¿Qué temas considera necesarios profundizar en este actividad? | AX12: 4,2 ¿Qué recomendaciones haría para mejorar las actividades? | AY12: 4,3 ¿En qué áreas desearía obtener información y/o actualización a través de las actividades de Educación Continua y Permanente? | AZ12: 4,4 ¿Asistiría a otra actividad programada por nosotros? | BA12: 4,5 ¿La actividad fue satisfactoria? | BB12: Promedio
A13: 1 | B13: Ana Milena Escobar Rincón | C13: 63532359 | D13: Planta | E13: Dirección Administrativa Y Financiera | F13: Gestor De Operaciones | G13: 3 | H13: 2 | I13: 2 | J13: 2 | K13: 2 | L13: 2 | M13: 2 | N13: 2 | O13: 2 | P13: 2 | Q13: 2 | R13: 2 | S13: 2 | T13: 2 | U13: 3 | V13: =IF(B13<>"",SUM(G13:U13),"") -> 32 | W13: =IF(B13<>"",COUNTA(G13:U13),"") -> 15 | X13: =IF(B13<>"",SUM(G13:U13)/32,"") -> 1 | Y13: =IF(X13="","",IF(X13>=80%,"Certificado","No certificado")) -> Certificado | AA13: 5 | AB13: 5 | AC13: =IF(B13="","",IF(AND(X13>=0.8,AB13>=3),"Aprobado","No aprobado")) -> Aprobado | AD13: 5 | AE13: 5 | AF13: 5 | AG13: 5 | AH13: 5 | AI13: 5 | AJ13: 5 | AK13: 5 | AL13: 5 | AM13: 5 | AN13: 5 | AO13: 5 | AP13: 5 | AQ13: 5 | AV13: 5 | AW13: * | AX13: Que sea en un espacio fuera de la entidad | AY13: Actualización normativa del SG-SST | AZ13: SI | BA13: 5 | BB13: =AVERAGE(Tabla_PensamientoCrit[[#This Row],[1,1 El cumplimiento de los objetivos y desarrollo del contenido de la actividad fue]:[4,5 ¿La actividad fue satisfactoria?]]) -> 5
A14: 2 | B14: Diana Esperanza Torres Rodríguez | C14: 52758406 | D14: Planta | E14: Oficina Asesora De Planeación Y Control De Riesgos | F14: Gestor De Operaciones | H14: 2 | I14: 2 | J14: 2 | V14: =IF(B14<>"",SUM(G14:U14),"") -> 6 | W14: =IF(B14<>"",COUNTA(G14:U14),"") -> 3 | X14: =IF(B14<>"",SUM(G14:U14)/32,"") -> 0.1875 | Y14: =IF(X14="","",IF(X14>=80%,"Certificado","No certificado")) -> No certificado | Z14: 5 | AB14: 5 | AC14: =IF(B14="","",IF(AND(X14>=0.8,AB14>=3),"Aprobado","No aprobado")) -> No aprobado | AD14: 5 | AE14: 5 | AF14: 5 | AG14: 5 | AH14: 5 | AI14: 5 | AJ14: 5 | AK14: 5 | AL14: 5 | AM14: 5 | AN14: 5 | AO14: 5 | AP14: 5 | AQ14: 5 | AR14: 5 | AS14: 5 | AT14: 5 | AU14: 5 | AV14: 5 | AW14: NA | AX14: NA | AY14: NA | AZ14: SI | BA14: 5 | BB14: =AVERAGE(Tabla_PensamientoCrit[[#This Row],[1,1 El cumplimiento de los objetivos y desarrollo del contenido de la actividad fue]:[4,5 ¿La actividad fue satisfactoria?]]) -> 5
A15: 3 | B15: Fabian Camilo Bernal Pinzón | C15: 80467964 | D15: Planta | E15: Dirección De Gestión De Tecnologías De Información Y Comunicaciones | F15: Gestor De Operaciones | G15: 3 | H15: 2 | I15: 2 | J15: 2 | K15: 2 | L15: 2 | M15: 2 | N15: 2 | O15: 2 | P15: 2 | Q15: 2 | R15: 2 | S15: 2 | T15: 2 | U15: 3 | V15: =IF(B15<>"",SUM(G15:U15),"") -> 32 | W15: =IF(B15<>"",COUNTA(G15:U15),"") -> 15 | X15: =IF(B15<>"",SUM(G15:U15)/32,"") -> 1 | Y15: =IF(X15="","",IF(X15>=80%,"Certificado","No certificado")) -> Certificado | Z15: 5 | AA15: 5 | AB15: 5 | AC15: =IF(B15="","",IF(AND(X15>=0.8,AB15>=3),"Aprobado","No aprobado")) -> Aprobado
A16: 4 | B16: Fabio Alberto Rodríguez Rodríguez | C16: 11439696 | D16: Planta | E16: Dirección De Gestión De Tecnologías De Información Y Comunicaciones | F16: Gestor De Operaciones | G16: 3 | H16: 2 | I16: 2 | J16: 2 | L16: 2 | M16: 2 | N16: 2 | O16: 2 | P16: 2 | Q16: 2 | R16: 2 | S16: 2 | T16: 2 | V16: =IF(B16<>"",SUM(G16:U16),"") -> 27 | W16: =IF(B16<>"",COUNTA(G16:U16),"") -> 13 | X16: =IF(B16<>"",SUM(G16:U16)/32,"") -> 0.84375 | Y16: =IF(X16="","",IF(X16>=80%,"Certificado","No certificado")) -> Certificado | Z16: 5 | AA16: 5 | AB16: 5 | AC16: =IF(B16="","",IF(AND(X16>=0.8,AB16>=3),"Aprobado","No aprobado")) -> Aprobado | AD16: 5 | AE16: 5 | AF16: 5 | AG16: 5 | AH16: 5 | AI16: 5 | AJ16: 5 | AK16: 5 | AL16: 5 | AM16: 5 | AN16: 5 | AO16: 5 | AP16: 5 | AQ16: 5 | AR16: 5 | AS16: 5 | AT16: 5 | AU16: 5 | AV16: 5 | AW16: Cómo estuvo se desarrolló bien | AX16: Un mejor Pizarro para llevar la clase | AY16: Habilidades blandas y finanzas personales | AZ16: SI | BA16: 5 | BB16: =AVERAGE(Tabla_PensamientoCrit[[#This Row],[1,1 El cumplimiento de los objetivos y desarrollo del contenido de la actividad fue]:[4,5 ¿La actividad fue satisfactoria?]]) -> 5
A17: 5 | B17: Gedeón Diaz Guarnizo | C17: 79382033 | D17: Planta | E17: Subdirección De Garantías | F17: Gestor De Operaciones | G17: 3 | H17: 2 | I17: 2 | J17: 2 | K17: 2 | L17: 2 | M17: 2 | N17: 2 | O17: 2 | P17: 2 | Q17: 2 | R17: 2 | S17: 2 | T17: 2 | U17: 3 | V17: =IF(B17<>"",SUM(G17:U17),"") -> 32 | W17: =IF(B17<>"",COUNTA(G17:U17),"") -> 15 | X17: =IF(B17<>"",SUM(G17:U17)/32,"") -> 1 | Y17: =IF(X17="","",IF(X17>=80%,"Certificado","No certificado")) -> Certificado | Z17: 5 | AA17: 5 | AB17: 5 | AC17: =IF(B17="","",IF(AND(X17>=0.8,AB17>=3),"Aprobado","No aprobado")) -> Aprobado | AD17: 5 | AE17: 5 | AF17: 5 | AG17: 5 | AH17: 5 | AI17: 5 | AJ17: 4 | AK17: 4 | AL17: 4 | AM17: 4 | AN17: 4 | AO17: 5 | AP17: 4 | AQ17: 5 | AR17: 5 | AS17: 5 | AT17: 4 | AU17: 4 | AV17: 4 | AW17: No aplica | AX17: Extender el tiempo | AY17: Concursos CNSC | AZ17: SI | BA17: 5 | BB17: =AVERAGE(Tabla_PensamientoCrit[[#This Row],[1,1 El cumplimiento de los objetivos y desarrollo del contenido de la actividad fue]:[4,5 ¿La actividad fue satisfactoria?]]) -> 4.55
A18: 6 | B18: Luisa Fernanda Diaz González | C18: 1032399404 | D18: Planta | E18: Dirección De Otras Prestaciones | F18: Gestor De Operaciones | G18: 3 | H18: 2 | I18: 2 | J18: 2 | K18: 2 | L18: 2 | M18: 2 | N18: 2 | O18: 2 | P18: 2 | Q18: 2 | R18: 2 | S18: 2 | T18: 2 | U18: 3 | V18: =IF(B18<>"",SUM(G18:U18),"") -> 32 | W18: =IF(B18<>"",COUNTA(G18:U18),"") -> 15 | X18: =IF(B18<>"",SUM(G18:U18)/32,"") -> 1 | Y18: =IF(X18="","",IF(X18>=80%,"Certificado","No certificado")) -> Certificado | Z18: 5 | AA18: 5 | AB18: 5 | AC18: =IF(B18="","",IF(AND(X18>=0.8,AB18>=3),"Aprobado","No aprobado")) -> Aprobado | AD18: 5 | AE18: 5 | AF18: 5 | AG18: 5 | AH18: 5 | AI18: 5 | AJ18: 5 | AK18: 5 | AL18: 5 | AM18: 5 | AN18: 5 | AO18: 5 | AP18: 5 | AQ18: 5 | AV18: 5 | AW18: Riesgos | AX18: Clases presenciales | AY18: Riesgos | AZ18: SI | BA18: 5 | BB18: =AVERAGE(Tabla_PensamientoCrit[[#This Row],[1,1 El cumplimiento de los objetivos y desarrollo del contenido de la actividad fue]:[4,5 ¿La actividad fue satisfactoria?]]) -> 5
A19: 7 | B19: Paola Andrea Cespedes Forero | C19: 52536438 | D19: Planta | E19: Dirección De Otras Prestaciones | F19: Gestor De Operaciones | G19: 3 | H19: 2 | I19: 2 | J19: 2 | K19: 2 | L19: 2 | M19: 2 | N19: 2 | O19: 2 | P19: 2 | Q19: 2 | R19: 2 | S19: 2 | T19: 2 | U19: 3 | V19: =IF(B19<>"",SUM(G19:U19),"") -> 32 | W19: =IF(B19<>"",COUNTA(G19:U19),"") -> 15 | X19: =IF(B19<>"",SUM(G19:U19)/32,"") -> 1 | Y19: =IF(X19="","",IF(X19>=80%,"Certificado","No certificado")) -> Certificado | Z19: 5 | AA19: 5 | AB19: 5 | AC19: =IF(B19="","",IF(AND(X19>=0.8,AB19>=3),"Aprobado","No aprobado")) -> Aprobado | AD19: 5 | AE19: 5 | AF19: 5 | AG19: 5 | AH19: 5 | AI19: 5 | AJ19: 5 | AK19: 5 | AL19: 5 | AM19: 5 | AN19: 5 | AO19: 5 | AP19: 5 | AQ19: 5 | AV19: 5 | AW19: En general excelente, muchos más ejemplos aplicados sería lo único a adicionae | AX19: Muy bien docente, ojalá todos fueran así | AY19: Riesgos | AZ19: SI | BA19: 5 | BB19: =AVERAGE(Tabla_PensamientoCrit[[#This Row],[1,1 El cumplimiento de los objetivos y desarrollo del contenido de la actividad fue]:[4,5 ¿La actividad fue satisfactoria?]]) -> 5
A20: Observaciones:

Sheet Fechas - 1
A1: Actividad | B1: ='Formato Cronograma'!C4 -> Formulación y gestión de proyectos.
A2: SESIÓN N° | B2: FECHA | C2: Modalidad | D2: Horario
A3: 1 | B3: =VLOOKUP((MATCH(A3,'Formato Cronograma'!$N$4:$LJ$4,0)),Datos!A:D,4,FALSE) -> 46098 | C3: Presencial | D3: 2 PM - 5 PM
A4: 2 | B4: =VLOOKUP((MATCH(A4,'Formato Cronograma'!$N$4:$LJ$4,0)),Datos!A:D,4,FALSE) -> 46100 | C4: Virtual sincrónico | D4: 2 PM - 4 PM
A5: 3 | B5: =VLOOKUP((MATCH(A5,'Formato Cronograma'!$N$4:$LJ$4,0)),Datos!A:D,4,FALSE) -> 46105 | C5: Virtual sincrónico | D5: 2 PM - 4 PM
A6: 4 | B6: =VLOOKUP((MATCH(A6,'Formato Cronograma'!$N$4:$LJ$4,0)),Datos!A:D,4,FALSE) -> 46107 | C6: Virtual sincrónico | D6: 2 PM - 4 PM
A7: 5 | B7: =VLOOKUP((MATCH(A7,'Formato Cronograma'!$N$4:$LJ$4,0)),Datos!A:D,4,FALSE) -> 46119 | C7: Virtual sincrónico | D7: 2 PM - 4 PM
A8: 6 | B8: =VLOOKUP((MATCH(A8,'Formato Cronograma'!$N$4:$LJ$4,0)),Datos!A:D,4,FALSE) -> 46121 | C8: Virtual sincrónico | D8: 2 PM - 4 PM
A9: 7 | B9: =VLOOKUP((MATCH(A9,'Formato Cronograma'!$N$4:$LJ$4,0)),Datos!A:D,4,FALSE) -> 46126 | C9: Presencial | D9: 2 PM - 5 PM
A10: 8 | B10: =VLOOKUP((MATCH(A10,'Formato Cronograma'!$N$4:$LJ$4,0)),Datos!A:D,4,FALSE) -> 46128 | C10: Virtual sincrónico | D10: 2 PM - 4 PM
A11: 9 | B11: =VLOOKUP((MATCH(A11,'Formato Cronograma'!$N$4:$LJ$4,0)),Datos!A:D,4,FALSE) -> 46133 | C11: Presencial | D11: 2 PM - 5 PM
A12: 10 | B12: =VLOOKUP((MATCH(A12,'Formato Cronograma'!$N$4:$LJ$4,0)),Datos!A:D,4,FALSE) -> 46135 | C12: Virtual sincrónico | D12: 2 PM - 4 PM
A13: 11 | B13: =VLOOKUP((MATCH(A13,'Formato Cronograma'!$N$4:$LJ$4,0)),Datos!A:D,4,FALSE) -> 46140 | C13: Presencial | D13: 2 PM - 5 PM
A14: 12 | B14: =VLOOKUP((MATCH(A14,'Formato Cronograma'!$N$4:$LJ$4,0)),Datos!A:D,4,FALSE) -> 46142 | C14: Virtual sincrónico | D14: 2 PM - 4 PM
... A44: 42 | B44: =VLOOKUP((MATCH(A44,'Formato Cronograma'!$N$4:$LJ$4,0)),Datos!A:D,4,FALSE) -> 46247 | C44: Virtual sincrónico | D44: 2 PM - 4 PM

Sheet Fechas - 2
A1: Actividad | B1: ='Formato Cronograma'!C5 -> Gestión del Conocimiento y Buenas Prácticas Institucionales
A2: SESIÓN N° | B2: FECHA | C2: Modalidad | D2: Horario
A3: 1 | B3: =VLOOKUP((MATCH(A3,'Formato Cronograma'!$N$5:$LJ$5,0)),Datos!A:D,4,FALSE) -> 46237 | C3: Presencial | D3: 2 PM - 5 PM
A4: 2 | B4: =VLOOKUP((MATCH(A4,'Formato Cronograma'!$N$5:$LJ$5,0)),Datos!A:D,4,FALSE) -> 46244 | C4: Virtual sincrónico | D4: 2 PM - 4 PM
A5: 3 | B5: =VLOOKUP((MATCH(A5,'Formato Cronograma'!$N$5:$LJ$5,0)),Datos!A:D,4,FALSE) -> 46255 | C5: Virtual sincrónico | D5: 2 PM - 4 PM
A6: 4 | B6: =VLOOKUP((MATCH(A6,'Formato Cronograma'!$N$5:$LJ$5,0)),Datos!A:D,4,FALSE) -> 46258 | C6: Virtual sincrónico | D6: 2 PM - 4 PM
A7: 5 | B7: =VLOOKUP((MATCH(A7,'Formato Cronograma'!$N$5:$LJ$5,0)),Datos!A:D,4,FALSE) -> 46265 | C7: Presencial | D7: 2 PM - 5 PM
A8: 6 | B8: =VLOOKUP((MATCH(A8,'Formato Cronograma'!$N$5:$LJ$5,0)),Datos!A:D,4,FALSE) -> 46272 | C8: Virtual sincrónico | D8: 2 PM - 4 PM
A9: 7 | B9: =VLOOKUP((MATCH(A9,'Formato Cronograma'!$N$5:$LJ$5,0)),Datos!A:D,4,FALSE) -> 46279 | C9: Presencial | D9: 2 PM - 5 PM
A10: 8 | B10: =VLOOKUP((MATCH(A10,'Formato Cronograma'!$N$5:$LJ$5,0)),Datos!A:D,4,FALSE) -> 46293 | C10: Presencial | D10: 2 PM - 5 PM
A11: 9 | B11: =VLOOKUP((MATCH(A11,'Formato Cronograma'!$N$5:$LJ$5,0)),Datos!A:D,4,FALSE) -> 46311 | C11: Virtual sincrónico | D11: 2 PM - 4 PM
A12: 10 | B12: =VLOOKUP((MATCH(A12,'Formato Cronograma'!$N$5:$LJ$5,0)),Datos!A:D,4,FALSE) -> 46314 | C12: Virtual sincrónico | D12: 2 PM - 4 PM
A13: 11 | B13: =VLOOKUP((MATCH(A13,'Formato Cronograma'!$N$5:$LJ$5,0)),Datos!A:D,4,FALSE) -> 46321 | C13: Virtual sincrónico | D13: 2 PM - 4 PM
A14: 12 | B14: =VLOOKUP((MATCH(A14,'Formato Cronograma'!$N$5:$LJ$5,0)),Datos!A:D,4,FALSE) -> 46332 | C14: Virtual sincrónico | D14: 2 PM - 4 PM
A15: 13 | B15: =VLOOKUP((MATCH(A15,'Formato Cronograma'!$N$5:$LJ$5,0)),Datos!A:D,4,FALSE) -> 46335 | C15: Presencial | D15: 2 PM - 5 PM

Sheet Fechas - 3
A1: Actividad | B1: ='Formato Cronograma'!C6 -> Gestión del Desempeño y Desarrollo de Competencias.
A2: SESIÓN N° | B2: FECHA | C2: Modalidad | D2: Horario
A3: 1 | B3: =VLOOKUP((MATCH(A3,'Formato Cronograma'!$N$6:$LJ$6,0)),Datos!A:D,4,FALSE) -> 46252 | C3: Virtual sincrónico | D3: 2 PM - 4 PM
A4: 2 | B4: =VLOOKUP((MATCH(A4,'Formato Cronograma'!$N$6:$LJ$6,0)),Datos!A:D,4,FALSE) -> 46254 | C4: Presencial | D4: 2 PM - 5 PM
A5: 3 | B5: =VLOOKUP((MATCH(A5,'Formato Cronograma'!$N$6:$LJ$6,0)),Datos!A:D,4,FALSE) -> 46259 | C5: Virtual sincrónico | D5: 2 PM - 4 PM
A6: 4 | B6: =VLOOKUP((MATCH(A6,'Formato Cronograma'!$N$6:$LJ$6,0)),Datos!A:D,4,FALSE) -> 46261 | C6: Virtual sincrónico | D6: 2 PM - 4 PM
A7: 5 | B7: =VLOOKUP((MATCH(A7,'Formato Cronograma'!$N$6:$LJ$6,0)),Datos!A:D,4,FALSE) -> 46266 | C7: Virtual sincrónico | D7: 2 PM - 4 PM
A8: 6 | B8: =VLOOKUP((MATCH(A8,'Formato Cronograma'!$N$6:$LJ$6,0)),Datos!A:D,4,FALSE) -> 46268 | C8: Presencial | D8: 2 PM - 5 PM
A9: 7 | B9: =VLOOKUP((MATCH(A9,'Formato Cronograma'!$N$6:$LJ$6,0)),Datos!A:D,4,FALSE) -> 46273 | C9: Virtual sincrónico | D9: 2 PM - 4 PM
A10: 8 | B10: =VLOOKUP((MATCH(A10,'Formato Cronograma'!$N$6:$LJ$6,0)),Datos!A:D,4,FALSE) -> 46275 | C10: Presencial | D10: 2 PM - 5 PM
A11: 9 | B11: =VLOOKUP((MATCH(A11,'Formato Cronograma'!$N$6:$LJ$6,0)),Datos!A:D,4,FALSE) -> 46280 | C11: Virtual sincrónico | D11: 2 PM - 4 PM
A12: 10 | B12: =VLOOKUP((MATCH(A12,'Formato Cronograma'!$N$6:$LJ$6,0)),Datos!A:D,4,FALSE) -> 46282 | C12: Presencial | D12: 2 PM - 5 PM
A13: 11 | B13: =VLOOKUP((MATCH(A13,'Formato Cronograma'!$N$6:$LJ$6,0)),Datos!A:D,4,FALSE) -> 46294 | C13: Virtual sincrónico | D13: 2 PM - 4 PM
A14: 12 | B14: =VLOOKUP((MATCH(A14,'Formato Cronograma'!$N$6:$LJ$6,0)),Datos!A:D,4,FALSE) -> 46296 | C14: Presencial | D14: 2 PM - 5 PM
A15: 13 | B15: =VLOOKUP((MATCH(A15,'Formato Cronograma'!$N$6:$LJ$6,0)),Datos!A:D,4,FALSE) -> 46308 | C15: Virtual sincrónico | D15: 2 PM - 4 PM

Sheet Fechas - 4
A1: Actividad | B1: ='Formato Cronograma'!C7 -> Gestión pública y transparencia
A2: SESIÓN N° | B2: FECHA | C2: Modalidad | D2: Docente | E2: Horario
A3: 1 | B3: =VLOOKUP((MATCH(A3,'Formato Cronograma'!$N$7:$LJ$7,0)),Datos!A:D,4,FALSE) -> 46162 | C3: Presencial | D3: Estefania Pisciotti | E3: 9 AM - 12 PM
A4: 2 | B4: =VLOOKUP((MATCH(A4,'Formato Cronograma'!$N$7:$LJ$7,0)),Datos!A:D,4,FALSE) -> 46164 | C4: Virtual sincrónico | D4: Estefania Pisciotti | E4: 9 AM - 11 AM
A5: 3 | B5: =VLOOKUP((MATCH(A5,'Formato Cronograma'!$N$7:$LJ$7,0)),Datos!A:D,4,FALSE) -> 46167 | C5: Virtual sincrónico | D5: Estefania Pisciotti | E5: 9 AM - 11 AM
A6: 4 | B6: =VLOOKUP((MATCH(A6,'Formato Cronograma'!$N$7:$LJ$7,0)),Datos!A:D,4,FALSE) -> 46174 | C6: Virtual sincrónico | D6: Estefania Pisciotti | E6: 9 AM - 11 AM
A7: 5 | B7: =VLOOKUP((MATCH(A7,'Formato Cronograma'!$N$7:$LJ$7,0)),Datos!A:D,4,FALSE) -> 46176 | C7: Virtual sincrónico | D7: Estefania Pisciotti | E7: 9 AM - 11 AM
A8: 6 | B8: =VLOOKUP((MATCH(A8,'Formato Cronograma'!$N$7:$LJ$7,0)),Datos!A:D,4,FALSE) -> 46178 | C8: Virtual sincrónico | D8: Estefania Pisciotti | E8: 9 AM - 11 AM
A9: 7 | B9: =VLOOKUP((MATCH(A9,'Formato Cronograma'!$N$7:$LJ$7,0)),Datos!A:D,4,FALSE) -> 46185 | C9: Virtual sincrónico | D9: Paul Pulido | E9: 9 AM - 11 AM
A10: 8 | B10: =VLOOKUP((MATCH(A10,'Formato Cronograma'!$N$7:$LJ$7,0)),Datos!A:D,4,FALSE) -> 46190 | C10: Virtual sincrónico | D10: Paul Pulido | E10: 9 AM - 11 AM
A11: 9 | B11: =VLOOKUP((MATCH(A11,'Formato Cronograma'!$N$7:$LJ$7,0)),Datos!A:D,4,FALSE) -> 46195 | C11: Virtual sincrónico | D11: Paul Pulido | E11: 9 AM - 11 AM
A12: 10 | B12: =VLOOKUP((MATCH(A12,'Formato Cronograma'!$N$7:$LJ$7,0)),Datos!A:D,4,FALSE) -> 46199 | C12: Virtual sincrónico | D12: Paul Pulido | E12: 9 AM - 11 AM
A13: 11 | B13: =VLOOKUP((MATCH(A13,'Formato Cronograma'!$N$7:$LJ$7,0)),Datos!A:D,4,FALSE) -> 46206 | C13: Virtual sincrónico | D13: Estefania Pisciotti | E13: 9 AM - 11 AM
A14: 12 | B14: =VLOOKUP((MATCH(A14,'Formato Cronograma'!$N$7:$LJ$7,0)),Datos!A:D,4,FALSE) -> 46209 | C14: Virtual sincrónico | D14: Estefania Pisciotti | E14: 9 AM - 11 AM
... A17: 15 | B17: =VLOOKUP((MATCH(A17,'Formato Cronograma'!$N$7:$LJ$7,0)),Datos!A:D,4,FALSE) -> 46220 | C17: Presencial | D17: Estefania Pisciotti | E17: 9 AM - 12 PM

Sheet Fechas - 5
A1: Actividad | B1: ='Formato Cronograma'!C8 -> Atención diferencial y comunicación efectiva
A2: SESIÓN N° | B2: FECHA | C2: Modalidad | D2: Horario
A3: 1 | B3: 46097 | C3: Presencial | D3: 9 AM - 12 PM
A4: 2 | B4: 46101 | C4: Virtual sincrónico | D4: 9 AM - 11 AM
A5: 3 | B5: 46108 | C5: Virtual sincrónico | D5: 9 AM - 11 AM
A6: 4 | B6: 46118 | C6: Virtual sincrónico | D6: 9 AM - 11 AM
A7: 5 | B7: 46120 | C7: Virtual sincrónico | D7: 9 AM - 11 AM
A8: 6 | B8: 46122 | C8: Virtual sincrónico | D8: 9 AM - 11 AM
A9: 7 | B9: 46125 | C9: Virtual sincrónico | D9: 9 AM - 11 AM
A10: 8 | B10: 46132 | C10: Virtual sincrónico | D10: 9 AM - 11 AM
A11: 9 | B11: 46134 | C11: Virtual sincrónico | D11: 9 AM - 11 AM
A12: 10 | B12: 46136 | C12: Virtual sincrónico | D12: 9 AM - 11 AM
A13: 11 | B13: 46139 | C13: Virtual sincrónico | D13: 9 AM - 11 AM
A14: 12 | B14: 46146 | C14: Virtual sincrónico | D14: 9 AM - 11 AM
... A16: 14 | B16: 46150 | C16: Presencial | D16: 8 AM - 1 PM

Sheet Fechas - 6
A1: Actividad | B1: ='Formato Cronograma'!C9 -> Creación de Valor Público y Gestión para Resultados
A2: SESIÓN N° | B2: FECHA | C2: Modalidad | D2: Horario
A3: 1 | B3: =VLOOKUP((MATCH(A3,'Formato Cronograma'!$N$9:$LJ$9,0)),Datos!A:D,4,FALSE) -> 46230 | C3: Presencial | D3: 9 AM - 12 PM
A4: 2 | B4: =VLOOKUP((MATCH(A4,'Formato Cronograma'!$N$9:$LJ$9,0)),Datos!A:D,4,FALSE) -> 46232 | C4: Virtual sincrónico | D4: 8 AM - 10 AM
A5: 3 | B5: =VLOOKUP((MATCH(A5,'Formato Cronograma'!$N$9:$LJ$9,0)),Datos!A:D,4,FALSE) -> 46234 | C5: Virtual sincrónico | D5: 8 AM - 10 AM
A6: 4 | B6: =VLOOKUP((MATCH(A6,'Formato Cronograma'!$N$9:$LJ$9,0)),Datos!A:D,4,FALSE) -> 46237 | C6: Virtual sincrónico | D6: 8 AM - 10 AM
A7: 5 | B7: =VLOOKUP((MATCH(A7,'Formato Cronograma'!$N$9:$LJ$9,0)),Datos!A:D,4,FALSE) -> 46241 | C7: Virtual sincrónico | D7: 8 AM - 10 AM
A8: 6 | B8: =VLOOKUP((MATCH(A8,'Formato Cronograma'!$N$9:$LJ$9,0)),Datos!A:D,4,FALSE) -> 46244 | C8: Virtual sincrónico | D8: 8 AM - 10 AM
A9: 7 | B9: =VLOOKUP((MATCH(A9,'Formato Cronograma'!$N$9:$LJ$9,0)),Datos!A:D,4,FALSE) -> 46248 | C9: Virtual sincrónico | D9: 8 AM - 10 AM
A10: 8 | B10: =VLOOKUP((MATCH(A10,'Formato Cronograma'!$N$9:$LJ$9,0)),Datos!A:D,4,FALSE) -> 46253 | C10: Virtual sincrónico | D10: 8 AM - 10 AM
A11: 9 | B11: =VLOOKUP((MATCH(A11,'Formato Cronograma'!$N$9:$LJ$9,0)),Datos!A:D,4,FALSE) -> 46255 | C11: Virtual sincrónico | D11: 8 AM - 10 AM
A12: 10 | B12: =VLOOKUP((MATCH(A12,'Formato Cronograma'!$N$9:$LJ$9,0)),Datos!A:D,4,FALSE) -> 46258 | C12: Presencial | D12: 9 AM - 12 PM
A13: 11 | B13: =VLOOKUP((MATCH(A13,'Formato Cronograma'!$N$9:$LJ$9,0)),Datos!A:D,4,FALSE) -> 46260 | C13: Virtual sincrónico | D13: 8 AM - 10 AM
A14: 12 | B14: =VLOOKUP((MATCH(A14,'Formato Cronograma'!$N$9:$LJ$9,0)),Datos!A:D,4,FALSE) -> 46262 | C14: Virtual sincrónico | D14: 8 AM - 10 AM
... A21: 19 | B21: =VLOOKUP((MATCH(A21,'Formato Cronograma'!$N$9:$LJ$9,0)),Datos!A:D,4,FALSE) -> 46279 | C21: Presencial | D21: 9 AM - 12 PM

Sheet Fechas - 7
A1: Actividad | B1: ='Formato Cronograma'!C10 -> Gestión de bases de datos
A2: SESIÓN N° | B2: FECHA | C2: Modalidad | D2: Horario
A3: 1 | B3: =VLOOKUP((MATCH(A3,'Formato Cronograma'!$N$10:$LJ$10,0)),Datos!A:D,4,FALSE) -> 46232 | C3: Presencial | D3: 2 PM - 5 PM
A4: 2 | B4: =VLOOKUP((MATCH(A4,'Formato Cronograma'!$N$10:$LJ$10,0)),Datos!A:D,4,FALSE) -> 46234 | C4: Presencial | D4: 2 PM - 5 PM
A5: 3 | B5: =VLOOKUP((MATCH(A5,'Formato Cronograma'!$N$10:$LJ$10,0)),Datos!A:D,4,FALSE) -> 46237 | C5: Virtual sincrónico | D5: 2 PM - 4 PM
A6: 4 | B6: =VLOOKUP((MATCH(A6,'Formato Cronograma'!$N$10:$LJ$10,0)),Datos!A:D,4,FALSE) -> 46239 | C6: Virtual sincrónico | D6: 2 PM - 4 PM
A7: 5 | B7: =VLOOKUP((MATCH(A7,'Formato Cronograma'!$N$10:$LJ$10,0)),Datos!A:D,4,FALSE) -> 46241 | C7: Presencial | D7: 2 PM - 5 PM
A8: 6 | B8: =VLOOKUP((MATCH(A8,'Formato Cronograma'!$N$10:$LJ$10,0)),Datos!A:D,4,FALSE) -> 46244 | C8: Virtual sincrónico | D8: 2 PM - 4 PM
A9: 7 | B9: =VLOOKUP((MATCH(A9,'Formato Cronograma'!$N$10:$LJ$10,0)),Datos!A:D,4,FALSE) -> 46248 | C9: Presencial | D9: 2 PM - 5 PM
A10: 8 | B10: =VLOOKUP((MATCH(A10,'Formato Cronograma'!$N$10:$LJ$10,0)),Datos!A:D,4,FALSE) -> 46253 | C10: Virtual sincrónico | D10: 2 PM - 4 PM
A11: 9 | B11: =VLOOKUP((MATCH(A11,'Formato Cronograma'!$N$10:$LJ$10,0)),Datos!A:D,4,FALSE) -> 46255 | C11: Presencial | D11: 2 PM - 5 PM
A12: 10 | B12: =VLOOKUP((MATCH(A12,'Formato Cronograma'!$N$10:$LJ$10,0)),Datos!A:D,4,FALSE) -> 46258 | C12: Virtual sincrónico | D12: 2 PM - 4 PM
A13: 11 | B13: =VLOOKUP((MATCH(A13,'Formato Cronograma'!$N$10:$LJ$10,0)),Datos!A:D,4,FALSE) -> 46260 | C13: Virtual sincrónico | D13: 2 PM - 4 PM
A14: 12 | B14: =VLOOKUP((MATCH(A14,'Formato Cronograma'!$N$10:$LJ$10,0)),Datos!A:D,4,FALSE) -> 46262 | C14: Presencial | D14: 2 PM - 5 PM
... A44: 42 | B44: =VLOOKUP((MATCH(A44,'Formato Cronograma'!$N$10:$LJ$10,0)),Datos!A:D,4,FALSE) -> 46353 | C44: Presencial | D44: 2 PM - 5 PM

Sheet Fechas - 8
A1: Actividad | B1: ='Formato Cronograma'!C11 -> Analítica de Datos e Inteligencia Artificial.
A2: SESIÓN N° | B2: FECHA | C2: Modalidad | D2: Docente a cargo | E2: Horario
A3: 1 | B3: =VLOOKUP((MATCH(A3,'Formato Cronograma'!$N$11:$LJ$11,0)),Datos!A:D,4,FALSE) -> 46092 | C3: Virtual sincrónico | D3: Oscar | E3: 2 PM - 4 PM
A4: 2 | B4: =VLOOKUP((MATCH(A4,'Formato Cronograma'!$N$11:$LJ$11,0)),Datos!A:D,4,FALSE) -> 46094 | C4: Presencial | D4: Oscar | E4: 1 PM - 4 PM
A5: 3 | B5: =VLOOKUP((MATCH(A5,'Formato Cronograma'!$N$11:$LJ$11,0)),Datos!A:D,4,FALSE) -> 46097 | C5: Virtual sincrónico | D5: Oscar | E5: 2 PM - 4 PM
A6: 4 | B6: =VLOOKUP((MATCH(A6,'Formato Cronograma'!$N$11:$LJ$11,0)),Datos!A:D,4,FALSE) -> 46101 | C6: Presencial | D6: Oscar | E6: 1 PM - 4 PM
A7: 5 | B7: =VLOOKUP((MATCH(A7,'Formato Cronograma'!$N$11:$LJ$11,0)),Datos!A:D,4,FALSE) -> 46108 | C7: Presencial | D7: Cesar | E7: 1 PM - 4 PM
A8: 6 | B8: =VLOOKUP((MATCH(A8,'Formato Cronograma'!$N$11:$LJ$11,0)),Datos!A:D,4,FALSE) -> 46118 | C8: Virtual sincrónico | D8: Cesar | E8: 2 PM - 4 PM
A9: 7 | B9: =VLOOKUP((MATCH(A9,'Formato Cronograma'!$N$11:$LJ$11,0)),Datos!A:D,4,FALSE) -> 46120 | C9: Virtual sincrónico | D9: Cesar | E9: 2 PM - 4 PM
A10: 8 | B10: =VLOOKUP((MATCH(A10,'Formato Cronograma'!$N$11:$LJ$11,0)),Datos!A:D,4,FALSE) -> 46122 | C10: Presencial | D10: Andres Jaque | E10: 1 PM - 4 PM
A11: 9 | B11: =VLOOKUP((MATCH(A11,'Formato Cronograma'!$N$11:$LJ$11,0)),Datos!A:D,4,FALSE) -> 46125 | C11: Virtual sincrónico | D11: Andres Jaque | E11: 2 PM - 4 PM
A12: 10 | B12: =VLOOKUP((MATCH(A12,'Formato Cronograma'!$N$11:$LJ$11,0)),Datos!A:D,4,FALSE) -> 46127 | C12: Virtual sincrónico | D12: Cesar | E12: 2 PM - 4 PM
A13: 11 | B13: =VLOOKUP((MATCH(A13,'Formato Cronograma'!$N$11:$LJ$11,0)),Datos!A:D,4,FALSE) -> 46129 | C13: Presencial | D13: Cesar | E13: 1 PM - 4 PM
A14: 12 | B14: =VLOOKUP((MATCH(A14,'Formato Cronograma'!$N$11:$LJ$11,0)),Datos!A:D,4,FALSE) -> 46132 | C14: Virtual sincrónico | D14: Felipe | E14: 2 PM - 4 PM
... A43: 41 | B43: =VLOOKUP((MATCH(A43,'Formato Cronograma'!$N$11:$LJ$11,0)),Datos!A:D,4,FALSE) -> 46230 | C43: Virtual sincrónico | D43: Oscar | E43: 2 PM - 5 PM

Sheet Fechas - 9
A1: Actividad | B1: ='Formato Cronograma'!C12 -> Modelamiento y análisis de datos usando Power BI.
A2: SESIÓN N° | B2: FECHA | C2: Modalidad | D2: Horario
A3: 1 | B3: =VLOOKUP((MATCH(A3,'Formato Cronograma'!$N$12:$LJ$12,0)),Datos!A:D,4,FALSE) -> 46281 | C3: Virtual sincrónico | D3: 10 AM - 12 PM
A4: 2 | B4: =VLOOKUP((MATCH(A4,'Formato Cronograma'!$N$12:$LJ$12,0)),Datos!A:D,4,FALSE) -> 46283 | C4: Presencial | D4: 9 AM - 12 PM
A5: 3 | B5: =VLOOKUP((MATCH(A5,'Formato Cronograma'!$N$12:$LJ$12,0)),Datos!A:D,4,FALSE) -> 46293 | C5: Virtual sincrónico | D5: 10 AM - 12 PM
A6: 4 | B6: =VLOOKUP((MATCH(A6,'Formato Cronograma'!$N$12:$LJ$12,0)),Datos!A:D,4,FALSE) -> 46295 | C6: Virtual sincrónico | D6: 10 AM - 12 PM
A7: 5 | B7: =VLOOKUP((MATCH(A7,'Formato Cronograma'!$N$12:$LJ$12,0)),Datos!A:D,4,FALSE) -> 46297 | C7: Presencial | D7: 9 AM - 12 PM
A8: 6 | B8: =VLOOKUP((MATCH(A8,'Formato Cronograma'!$N$12:$LJ$12,0)),Datos!A:D,4,FALSE) -> 46309 | C8: Virtual sincrónico | D8: 10 AM - 12 PM
A9: 7 | B9: =VLOOKUP((MATCH(A9,'Formato Cronograma'!$N$12:$LJ$12,0)),Datos!A:D,4,FALSE) -> 46311 | C9: Presencial | D9: 9 AM - 12 PM
A10: 8 | B10: =VLOOKUP((MATCH(A10,'Formato Cronograma'!$N$12:$LJ$12,0)),Datos!A:D,4,FALSE) -> 46314 | C10: Virtual sincrónico | D10: 10 AM - 12 PM
A11: 9 | B11: =VLOOKUP((MATCH(A11,'Formato Cronograma'!$N$12:$LJ$12,0)),Datos!A:D,4,FALSE) -> 46316 | C11: Virtual sincrónico | D11: 10 AM - 12 PM
A12: 10 | B12: =VLOOKUP((MATCH(A12,'Formato Cronograma'!$N$12:$LJ$12,0)),Datos!A:D,4,FALSE) -> 46318 | C12: Presencial | D12: 9 AM - 12 PM
A13: 11 | B13: =VLOOKUP((MATCH(A13,'Formato Cronograma'!$N$12:$LJ$12,0)),Datos!A:D,4,FALSE) -> 46321 | C13: Virtual sincrónico | D13: 10 AM - 12 PM
A14: 12 | B14: =VLOOKUP((MATCH(A14,'Formato Cronograma'!$N$12:$LJ$12,0)),Datos!A:D,4,FALSE) -> 46323 | C14: Virtual sincrónico | D14: 10 AM - 12 PM
... A22: 20 | B22: =VLOOKUP((MATCH(A22,'Formato Cronograma'!$N$12:$LJ$12,0)),Datos!A:D,4,FALSE) -> 46346 | C22: Presencial | D22: 9 AM - 12 PM

Sheet Fechas - 10
A1: Actividad | B1: ='Formato Cronograma'!C13 -> Comunicación asertiva y Escucha Activa
A2: SESIÓN N° | B2: FECHA | C2: Modalidad | D2: Horario
A3: 1 | B3: =VLOOKUP((MATCH(A3,'Formato Cronograma'!$N$13:$LJ$13,0)),Datos!A:D,4,FALSE) -> 46156 | C3: Presencial | D3: 9 AM - 12 PM
A4: 2 | B4: =VLOOKUP((MATCH(A4,'Formato Cronograma'!$N$13:$LJ$13,0)),Datos!A:D,4,FALSE) -> 46161 | C4: Virtual sincrónico | D4: 9 AM - 11 AM
A5: 3 | B5: =VLOOKUP((MATCH(A5,'Formato Cronograma'!$N$13:$LJ$13,0)),Datos!A:D,4,FALSE) -> 46163 | C5: Virtual sincrónico | D5: 9 AM - 11 AM
A6: 4 | B6: =VLOOKUP((MATCH(A6,'Formato Cronograma'!$N$13:$LJ$13,0)),Datos!A:D,4,FALSE) -> 46168 | C6: Virtual sincrónico | D6: 9 AM - 11 AM
A7: 5 | B7: =VLOOKUP((MATCH(A7,'Formato Cronograma'!$N$13:$LJ$13,0)),Datos!A:D,4,FALSE) -> 46170 | C7: Virtual sincrónico | D7: 9 AM - 11 AM
A8: 6 | B8: =VLOOKUP((MATCH(A8,'Formato Cronograma'!$N$13:$LJ$13,0)),Datos!A:D,4,FALSE) -> 46175 | C8: Virtual sincrónico | D8: 9 AM - 11 AM
A9: 7 | B9: =VLOOKUP((MATCH(A9,'Formato Cronograma'!$N$13:$LJ$13,0)),Datos!A:D,4,FALSE) -> 46177 | C9: Virtual sincrónico | D9: 9 AM - 11 AM
A10: 8 | B10: =VLOOKUP((MATCH(A10,'Formato Cronograma'!$N$13:$LJ$13,0)),Datos!A:D,4,FALSE) -> 46184 | C10: Virtual sincrónico | D10: 9 AM - 11 AM
A11: 9 | B11: =VLOOKUP((MATCH(A11,'Formato Cronograma'!$N$13:$LJ$13,0)),Datos!A:D,4,FALSE) -> 46189 | C11: Virtual sincrónico | D11: 9 AM - 11 AM
A12: 10 | B12: =VLOOKUP((MATCH(A12,'Formato Cronograma'!$N$13:$LJ$13,0)),Datos!A:D,4,FALSE) -> 46196 | C12: Virtual sincrónico | D12: 9 AM - 11 AM
A13: 11 | B13: =VLOOKUP((MATCH(A13,'Formato Cronograma'!$N$13:$LJ$13,0)),Datos!A:D,4,FALSE) -> 46198 | C13: Virtual sincrónico | D13: 9 AM - 11 AM
A14: 12 | B14: =VLOOKUP((MATCH(A14,'Formato Cronograma'!$N$13:$LJ$13,0)),Datos!A:D,4,FALSE) -> 46205 | C14: Virtual sincrónico | D14: 9 AM - 11 AM
... A17: 15 | B17: =VLOOKUP((MATCH(A17,'Formato Cronograma'!$N$13:$LJ$13,0)),Datos!A:D,4,FALSE) -> 46217 | C17: Presencial | D17: 9 AM - 12 PM

Sheet Fechas - 11
A1: Actividad | B1: ='Formato Cronograma'!C14 -> Gestión integral de riesgos
A2: SESIÓN N° | B2: FECHA | C2: Modalidad | D2: Horario
A3: 1 | B3: =VLOOKUP((MATCH(A3,'Formato Cronograma'!$N$14:$LJ$14,0)),Datos!A:D,4,FALSE) -> 46219 | C3: Presencial | D3: 9 AM - 12 PM
A4: 2 | B4: =VLOOKUP((MATCH(A4,'Formato Cronograma'!$N$14:$LJ$14,0)),Datos!A:D,4,FALSE) -> 46226 | C4: Virtual sincrónico | D4: 9 AM - 11 AM
A5: 3 | B5: =VLOOKUP((MATCH(A5,'Formato Cronograma'!$N$14:$LJ$14,0)),Datos!A:D,4,FALSE) -> 46231 | C5: Virtual sincrónico | D5: 9 AM - 11 AM
A6: 4 | B6: =VLOOKUP((MATCH(A6,'Formato Cronograma'!$N$14:$LJ$14,0)),Datos!A:D,4,FALSE) -> 46233 | C6: Virtual sincrónico | D6: 9 AM - 11 AM
A7: 5 | B7: =VLOOKUP((MATCH(A7,'Formato Cronograma'!$N$14:$LJ$14,0)),Datos!A:D,4,FALSE) -> 46238 | C7: Virtual sincrónico | D7: 9 AM - 11 AM
A8: 6 | B8: =VLOOKUP((MATCH(A8,'Formato Cronograma'!$N$14:$LJ$14,0)),Datos!A:D,4,FALSE) -> 46240 | C8: Virtual sincrónico | D8: 9 AM - 11 AM
A9: 7 | B9: =VLOOKUP((MATCH(A9,'Formato Cronograma'!$N$14:$LJ$14,0)),Datos!A:D,4,FALSE) -> 46245 | C9: Virtual sincrónico | D9: 9 AM - 11 AM
A10: 8 | B10: =VLOOKUP((MATCH(A10,'Formato Cronograma'!$N$14:$LJ$14,0)),Datos!A:D,4,FALSE) -> 46247 | C10: Virtual sincrónico | D10: 9 AM - 11 AM
A11: 9 | B11: =VLOOKUP((MATCH(A11,'Formato Cronograma'!$N$14:$LJ$14,0)),Datos!A:D,4,FALSE) -> 46252 | C11: Virtual sincrónico | D11: 9 AM - 11 AM
A12: 10 | B12: =VLOOKUP((MATCH(A12,'Formato Cronograma'!$N$14:$LJ$14,0)),Datos!A:D,4,FALSE) -> 46259 | C12: Virtual sincrónico | D12: 9 AM - 11 AM
A13: 11 | B13: =VLOOKUP((MATCH(A13,'Formato Cronograma'!$N$14:$LJ$14,0)),Datos!A:D,4,FALSE) -> 46261 | C13: Virtual sincrónico | D13: 9 AM - 11 AM
A14: 12 | B14: =VLOOKUP((MATCH(A14,'Formato Cronograma'!$N$14:$LJ$14,0)),Datos!A:D,4,FALSE) -> 46266 | C14: Virtual sincrónico | D14: 9 AM - 11 AM
... A17: 15 | B17: =VLOOKUP((MATCH(A17,'Formato Cronograma'!$N$14:$LJ$14,0)),Datos!A:D,4,FALSE) -> 46282 | C17: Presencial | D17: 9 AM - 12 PM

Sheet Fechas - 12
A1: Actividad | B1: ='Formato Cronograma'!C15 -> Pensamiento crítico para la toma de decisiones
A2: SESIÓN N° | B2: FECHA | C2: Modalidad | D2: Horario
A3: 1 | B3: =VLOOKUP((MATCH(A3,'Formato Cronograma'!$N$15:$LJ$15,0)),Datos!A:D,4,FALSE) -> 46098 | C3: Presencial | D3: 9 AM - 12 PM
A4: 2 | B4: =VLOOKUP((MATCH(A4,'Formato Cronograma'!$N$15:$LJ$15,0)),Datos!A:D,4,FALSE) -> 46100 | C4: Virtual sincrónico | D4: 10 AM - 12 PM
A5: 3 | B5: =VLOOKUP((MATCH(A5,'Formato Cronograma'!$N$15:$LJ$15,0)),Datos!A:D,4,FALSE) -> 46105 | C5: Virtual sincrónico | D5: 10 AM - 12 PM
A6: 4 | B6: =VLOOKUP((MATCH(A6,'Formato Cronograma'!$N$15:$LJ$15,0)),Datos!A:D,4,FALSE) -> 46107 | C6: Virtual sincrónico | D6: 10 AM - 12 PM
A7: 5 | B7: =VLOOKUP((MATCH(A7,'Formato Cronograma'!$N$15:$LJ$15,0)),Datos!A:D,4,FALSE) -> 46119 | C7: Virtual sincrónico | D7: 10 AM - 12 PM
A8: 6 | B8: =VLOOKUP((MATCH(A8,'Formato Cronograma'!$N$15:$LJ$15,0)),Datos!A:D,4,FALSE) -> 46121 | C8: Virtual sincrónico | D8: 10 AM - 12 PM
A9: 7 | B9: =VLOOKUP((MATCH(A9,'Formato Cronograma'!$N$15:$LJ$15,0)),Datos!A:D,4,FALSE) -> 46126 | C9: Virtual sincrónico | D9: 10 AM - 12 PM
A10: 8 | B10: =VLOOKUP((MATCH(A10,'Formato Cronograma'!$N$15:$LJ$15,0)),Datos!A:D,4,FALSE) -> 46128 | C10: Virtual sincrónico | D10: 10 AM - 12 PM
A11: 9 | B11: =VLOOKUP((MATCH(A11,'Formato Cronograma'!$N$15:$LJ$15,0)),Datos!A:D,4,FALSE) -> 46133 | C11: Virtual sincrónico | D11: 10 AM - 12 PM
A12: 10 | B12: =VLOOKUP((MATCH(A12,'Formato Cronograma'!$N$15:$LJ$15,0)),Datos!A:D,4,FALSE) -> 46135 | C12: Virtual sincrónico | D12: 10 AM - 12 PM
A13: 11 | B13: =VLOOKUP((MATCH(A13,'Formato Cronograma'!$N$15:$LJ$15,0)),Datos!A:D,4,FALSE) -> 46140 | C13: Virtual sincrónico | D13: 10 AM - 12 PM
A14: 12 | B14: =VLOOKUP((MATCH(A14,'Formato Cronograma'!$N$15:$LJ$15,0)),Datos!A:D,4,FALSE) -> 46142 | C14: Virtual sincrónico | D14: 10 AM - 12 PM
... A17: 15 | B17: =VLOOKUP((MATCH(A17,'Formato Cronograma'!$N$15:$LJ$15,0)),Datos!A:D,4,FALSE) -> 46154 | C17: Presencial | D17: 9 AM - 12 PM

Sheet Datos
A1: 1 | B1: Ju. | C1: 1 | D1: 46023
A2: 2 | B2: Vi. | C2: 2 | D2: 46024
A3: 3 | B3: Sa. | C3: 3 | D3: 46025
A4: 4 | B4: Lu. | C4: 5 | D4: 46027
A5: 5 | B5: Ma. | C5: 6 | D5: 46028
A6: 6 | B6: Mi. | C6: 7 | D6: 46029
A7: 7 | B7: Ju. | C7: 8 | D7: 46030
A8: 8 | B8: Vi. | C8: 9 | D8: 46031
A9: 9 | B9: Sa. | C9: 10 | D9: 46032
A10: 10 | B10: Lu. | C10: 12 | D10: 46034
A11: 11 | B11: Ma. | C11: 13 | D11: 46035
A12: 12 | B12: Mi. | C12: 14 | D12: 46036
... A313: 313 | B313: Ju. | C313: 31 | D313: 46387
